No,Kode,Makanan,Air(g),Energi(Kal),Protein(g),Lemak(g),Karbohidrat(g),Serat(g),Abu(g),Kalsium(mg),Fosfor(mg),Besi(mg),Natrium(mg),Kalium(mg),Tembaga(mg),Seng(mg),Retinol (mcg),Î²-karoten(mcg),Karoten total(mcg),Vit B1(mg),Vit B2(mg),Niasin(mg),Vitamin C(mg),BDD(%),Mentah/Olahan,Kelompok Makanan,Sumber TKPI 2019,Utama/Snack
1,AP001,Nasi,56.7,180,3,0.3,39.8,0.2,0.2,25,27,0.4,1,38,0.1,0.6,-,-,-,0.05,0.1,2.6,-,100,Olahan,Serealia,KZGPI-1990,Utama
2,AP002,Nasi tim,71,120,2.4,0.4,26,0.5,0.2,3,7,0.4,-,23.9,0.1,0.4,-,-,-,0.1,-,1.4,-,100,Olahan,Serealia,OKN-1992,Utama
4,AP004,Air,99.98,-,-,-,-,-,0.07,10,-,-,2,-,0.007,-,-,-,-,-,-,-,-,-,Tunggal,Minuman,DKGBM-2019,Semua
5,AP005,Nasi beras merah,64,149,2.8,0.4,32.5,0.3,0.3,6,63,0.8,5,91.4,0.2,0.9,-,-,-,0.06,-,1.6,-,100,Olahan,Serealia,KZGPI-1990,Utama
9,AP009,Nasi jagung,11,357,8.8,0.5,79.5,6.2,0.3,5,43,0.6,2,30.4,0.1,0.3,-,-,-,0.3,0.02,0.1,0.2,100,Olahan,Serealia,BKP,Utama
10,AP010,"Jagung muda, rebus",53.2,142,5,0.7,30.3,0.8,0.8,5,105,0.8,5,24.3,0.2,0.9,-,145,225,0.15,0.08,0.7,-,100,Olahan,Serealia,KZGPI-1990,Snack
12,AP012,"Jagung kuning pipil, rebus",63.7,154,3.8,3.5,28.4,0.7,0.6,7,171,0.5,5,56.4,0.1,2,-,818,234,0.08,0.1,1.7,-,100,Olahan,Serealia,KZGPI-1990,Snack
14,AP014,Ketupat ketan,52,212,4,4.6,38.6,0.2,0.9,8,46,1,-,-,-,-,-,-,-,0.07,-,0.2,-,100,Olahan,Serealia,KZGPI-1990,Utama
15,AP015,"Ketan hitam, matang",56.9,181,4,1.2,37.3,0.3,0.6,9,144,1.7,9,18.4,0.1,0.7,-,-,-,0.06,-,0.5,-,100,Olahan,Serealia,KZGPI-1990,Snack
16,AP016,Tapai ketan hitam,50.2,166,3.8,1,34.4,0.3,0.6,8,106,1.6,5,12,-,-,-,-,-,0.02,-,-,-,100,Olahan,Serealia,KZGPI-1990,Snack
17,AP017,"Ketan putih, matang",60.7,163,3,0.4,35.7,0.2,0.2,4,55,0.7,8,16.8,0.1,0.7,-,-,-,0.07,-,0.5,-,100,Olahan,Serealia,KZGPI-1990,Snack
18,AP018,Tapai ketan putih,58.9,172,3,0.5,37.5,0.6,0.1,6,35,0.5,1,-,-,-,-,-,-,0.04,-,0.2,-,100,Olahan,Serealia,KZGPI-1990,Snack
23,AP023,Misoa,10,345,8.5,2.2,78,0.5,1.3,52,120,8.7,3064,44,0.08,-,-,-,-,-,0.02,0.2,-,100,Olahan,Serealia,KZGPI-1990,Utama
24,AP024,Roti putih,40,248,8,1.2,50,9.1,0.8,10,95,1.5,530,91,0.15,0.9,-,-,-,0.1,0.29,2.4,-,100,Olahan,Serealia,DABM-1964,Snack
29,AP029,Biskuit,2.2,458,6.9,14.4,75.1,2.1,1.4,62,87,2.7,241,20.3,0.16,0.6,-,14,-,0.09,0.15,1.4,-,100,Olahan,Serealia,DABM-1964,Snack
30,AP030,"Bakpia, kue",38.9,272,8.7,6.7,44.1,0.9,1.6,194,117,4.5,-,-,-,-,-,-,1392,0.31,1,2.9,-,100,Olahan,Serealia,KZGPI-1990,Snack
31,AP031,Bakwan,40.5,280,8.2,10.2,39,3.4,2.1,204,79,7,-,-,-,-,-,-,-,0.08,-,-,-,100,Olahan,Serealia,KZGPI-1990,Snack
34,AP034,Batar daan,75.3,107,2.2,2.2,19.6,-,0.7,20,30,0.6,200,90,0.1,-,-,-,-,0.18,0.02,-,-,100,Olahan,Serealia,KZGMI-2001,Utama
35,AP035,Bika ambon,51.5,199,2.1,1.5,44.4,0.3,0.6,45,28,1.8,-,-,-,-,-,-,408,0.1,-,-,-,100,Olahan,Serealia,KZGPI-1990,Snack
39,AP039,Brem,37.4,249,3.4,0.4,58,-,0.9,198,86,2,-,-,-,-,-,-,240,0.34,-,-,-,100,Olahan,Serealia,KZGPI-1990,Snack
40,AP040,Bubur tinotuan (Manado),80.9,156,2.3,0.2,15.6,8.2,1,41,20,0.4,486,164,0.3,0.4,-,1437,-,0.1,0.04,-,15,100,Olahan,Serealia,KZGMI-2001,Utama
41,AP041,Cake tape,32.2,323,4.9,11.5,50.1,1.4,1.4,131,83,2.6,-,-,-,-,26,-,1872,0.38,0.16,0.3,-,100,Olahan,Serealia,KZGMI-2001,Snack
43,AP043,Dodol bali,26.5,298,3.7,2.1,65.9,0.4,1.8,70,76,2.5,-,-,-,-,-,-,496,0.28,-,2.5,-,100,Olahan,Serealia,KZGPI-1990,Snack
44,AP044,Dodol galamai,16.5,348,0.4,3.8,76.1,0.5,1.2,41,144,2.6,38,76,0.3,2.1,-,-,-,0.03,0.06,1.8,-,100,Olahan,Serealia,KZGMI-2001,Snack
45,AP045,Dodol kedondong,26.4,331,1.9,7.6,63.8,1,0.4,90,55,2.3,-,-,-,-,-,-,408,0.11,-,0.8,5,100,Olahan,Serealia,KZGPI-1990,Snack
46,AP046,Dodol manado,26.1,373,4.3,16.5,51.9,0.4,1.2,41,142,2.4,35,72,0.3,2.1,-,-,-,0.04,0.06,2.1,-,100,Olahan,Serealia,KZGMI-2001,Snack
49,AP049,Gendar goreng,30.4,407,6.4,28.2,32,0.1,3,216,62,1.6,-,-,-,-,-,-,184,0.16,-,0.6,-,100,Olahan,Serealia,KZGPI-1990,Snack
50,AP050,Intip goreng,6.5,474,7.6,21.6,62.3,1.2,2,36,64,2.5,-,38,0.05,0.5,-,-,200,0.25,0.03,0.8,-,100,Olahan,Serealia,KZGPI-1990,Snack
51,AP051,Jagung gerontol,61.7,156,2.7,1.3,33.3,1,0.8,51,105,1.2,-,-,-,-,-,-,162,0.08,-,-,-,100,Olahan,Serealia,KZGPI-1990,Snack
52,AP052,Jagung titi,9.2,374,9.4,2.2,79.1,0.8,0.1,14,142,2.9,-,-,9,-,-,-,11507,0.2,-,-,-,100,Olahan,Serealia,KZGPI-1990,Snack
53,AP053,Japilus,3.8,500,1.2,25.1,67.3,0.4,2.7,186,29,4.9,-,-,-,-,-,-,-,0.17,0.03,0.4,-,100,Olahan,Serealia,KZGPI-1990,Snack
55,AP055,Kambose,61.5,164,3,2.4,32.6,4.3,0.7,16,36,0.7,-,32,0.1,1.6,-,256,-,0.1,0.1,0.4,-,100,Olahan,Serealia,KZGMI-2001,Snack
56,AP056,Kapusa,63.5,158,4.4,3.2,27.8,5.3,1,79,115,1.2,104,149,0.5,1.1,-,1374,-,0.06,0.05,0.1,-,100,Olahan,Serealia,KZGMI-2001,Snack
58,AP058,"Kelepon, kue",49.6,215,3.7,3.7,41.8,1,1.2,232,45,3.3,-,-,-,-,-,-,872,0.09,0.07,0.2,-,100,Olahan,Serealia,KZGMI-2001,Snack
60,AP060,Ketoprak,69.1,153,7.9,7.7,13,2.9,2.6,153,134,3.4,-,-,-,-,3,-,435,0.05,-,-,-,100,Olahan,Serealia,KZGPI-1990,Utama
63,AP063,Koya mirasa,7.2,370,8,1,82.2,0.4,1.6,83,110,17,-,-,-,-,3,-,144,0.19,0.45,2.6,-,100,Olahan,Serealia,KZGMI-2001,Snack
65,AP065,Kue ali,12.8,440,3.8,18.5,64.5,0.3,0.4,27,47,2.5,-,-,-,-,-,-,-,0.13,0.09,-,-,100,Olahan,Serealia,KZGMI-2001,Snack
68,AP068,Kue jahe,3.7,425,1.6,8.8,84.6,1.2,1.3,155,61,4,-,-,-,-,-,-,-,0.2,-,-,-,100,Olahan,Serealia,KZGPI-1990,Snack
69,AP069,Kue kelapa,3.3,591,5.6,42.1,47.5,-,1.5,32,180,1.6,33,443,0.5,1.1,-,-,-,-,-,-,-,100,Olahan,Serealia,KZGMI-2001,Snack
72,AP072,Kue lumpur,40.1,291,3.6,11.1,44.1,-,1.1,96,60,2.3,-,-,-,-,20,-,400,0.24,-,-,-,100,Olahan,Serealia,KZGMS-1993,Snack
74,AP074,Kue putu cangkir,32.6,304,5.3,7,54.9,0.9,0.2,18,193,4,-,-,-,-,-,-,-,0.06,-,-,-,100,Olahan,Serealia,KZGPI-1990,Snack
75,AP075,Kue sus,56.6,221,7.5,10.2,24.8,-,0.9,105,85,2.5,-,-,-,-,26,-,1300,0.12,-,-,-,100,Olahan,Serealia,KZGMS-1993,Snack
76,AP076,Kue thipan,43,247,2.9,4.2,49.5,-,0.4,16,107,1.8,95,56,1.3,0.8,-,-,-,0.17,-,-,-,100,Olahan,Serealia,KZGMI-2001,Snack
78,AP078,Lapis legit,21.3,389,6.6,15.7,55.5,0.5,0.9,16,136,1.9,-,-,-,-,41,-,1032,0.26,0.09,3,-,100,Olahan,Serealia,KZGPI-1990,Snack
79,AP079,Lupis ketan,61,164,1.8,2.1,34.5,0.7,0.6,119,31,1.5,-,-,-,-,-,-,-,0.09,-,0.2,-,100,Olahan,Serealia,KZGPI-1990,Snack
81,AP081,Martabak india,65.8,153,4.5,4.2,24.3,-,1.2,14,108,2.4,240,112,0.4,0.5,-,-,-,-,-,-,-,100,Olahan,Serealia,KZGMI-2001,Snack
82,AP082,Martabak mesir,40.2,278,5.1,8.6,45,-,1.1,49,168,3.4,193,123,0.2,0.9,-,-,-,-,-,-,-,100,Olahan,Serealia,KZGMI-2001,Snack
83,AP083,Masekat,15.6,369,2.1,7,74.1,4,0.8,17,52,0.8,141,12,0.4,0.3,155,-,-,-,-,-,-,100,Olahan,Serealia,KZGMI-2001,Snack
84,AP084,Mie aceh rebus,74.6,113,3,3.2,18.1,-,1.1,22,44,1.4,191,36,0.2,0.3,-,-,-,-,-,-,-,100,Olahan,Serealia,KZGMI-2001,Utama
85,AP085,Mie ayam,78.6,102,6.2,3.9,10.5,-,0.8,262,51,1.8,279,-,-,-,39,-,166,0.85,-,-,-,100,Olahan,Serealia,KZGMS-1993,Utama
86,AP086,Mie bakso,74.5,114,5.3,3,16.4,0.1,0.8,286,53,1.9,760,-,-,-,17,-,180,0.16,-,-,-,100,Olahan,Serealia,KZGMS-1993,Utama
87,AP087,Mie celon,75.9,102,3,2.1,17.8,-,1.2,12,84,1.4,451,112,0.1,0.5,-,-,-,-,-,-,-,100,Olahan,Serealia,KZGMI-2001,Utama
88,AP088,Mie pangsit basah,79.2,105,5.9,4.9,9.4,-,0.7,208,48,2,530,-,-,-,25,-,620,0.46,-,-,-,100,Olahan,Serealia,KZGMS-1993,Utama
89,AP089,Nasi gemuk,61.4,192,3.8,8.8,24.4,0.7,1.6,15,74,1,355,63,0.2,1.4,-,-,-,0.19,0.05,2,-,100,Olahan,Serealia,KZGMI-2001,Utama
90,AP090,Nasi gurih,60.5,190,4.7,7.5,26,0.7,1.3,12,62,0.8,296,52,0.2,1.2,-,-,-,0.11,0.06,2.1,-,100,Olahan,Serealia,KZGMI-2001,Utama
91,AP091,Nasi minyak,53.3,207,3.5,5,37.1,0.8,1.1,26,100,1.5,74,174,0.2,2.2,-,-,-,0.14,0.07,2.6,-,100,Olahan,Serealia,KZGMI-2001,Utama
92,AP092,Nasi rames,65.8,155,10.3,4.2,19.1,-,0.6,239,62,1.8,265,-,-,-,96,-,3140,0.59,-,-,-,100,Olahan,Serealia,KZGMS-1993,Utama
93,AP093,Nopia spesial,11.5,387,5.3,7.6,74.3,0.3,1.3,903,133,4.2,-,-,-,-,-,-,512,0.17,-,-,-,100,Olahan,Serealia,KZGPI-1990,Snack
96,AP096,Pastel,38.3,307,4.5,13.3,42.4,-,1.5,296,53,2.5,-,-,-,-,-,-,5360,0.15,-,-,-,100,Olahan,Serealia,KZGMS-1993,Snack
97,AP097,Pulut,49.1,216,2.6,3.1,44.4,-,0.8,6,70,3.8,100,22,0.4,1.3,-,-,-,0.14,-,-,-,100,Olahan,Serealia,KZGMI-2001,Snack
101,AP102,Renggi goreng,8.8,471,4.7,21.8,64.1,6.4,0.6,4,80,1.1,126,29,0.9,1.3,-,-,-,0.53,0.05,8.2,-,100,Olahan,Serealia,KZGMI-2001,Snack
102,AP103,Roti boong,34,341,5.5,16.2,43.3,-,1,15,65,1.1,161,41,-,0.9,-,-,-,0.4,0.3,2.4,-,100,Olahan,Serealia,KZGMI-2001,Snack
103,AP104,Roti warna sawo matang,40,249,7.9,1.5,49.7,-,0.9,20,140,2.5,500,91,-,-,-,-,-,0.15,-,-,-,100,Olahan,Serealia,DABM-1964,Snack
105,AP106,Spaghetti,66.1,139,7.4,2.1,22.6,-,2.1,109,53,4.7,-,-,-,-,42,-,940,0.35,-,-,-,100,Olahan,Serealia,KZGMS-1993,Utama
108,AP109,Suwir-suwir,13.4,347,0.5,0.9,84.2,0.8,1,42,40,4.3,-,-,-,-,1,-,240,0.13,-,0.9,-,100,Olahan,Serealia,KZGPI-1990,Utama
110,AP111,Wajit camilan,27.1,303,6.3,2.7,63.3,6.9,0.6,61,302,5.5,-,-,-,-,-,-,-,0.03,-,-,-,100,Olahan,Serealia,KZGPI-1990,Snack
111,AP112,Widaran,7,424,1.3,10.7,80.7,0.2,0.3,49,88,2.5,-,-,-,-,21,-,440,0.13,0.2,2.2,-,100,Olahan,Serealia,KZGPI-1990,Snack
112,AP113,Wingko babat,29.7,355,3.2,15.1,51.4,2.4,0.7,47,63,1.1,-,-,-,-,-,-,-,0.08,0.08,-,-,100,Olahan,Serealia,KZGPI-1990,Snack
113,AP114,Yangko,37.4,254,3,1.1,58.1,0.8,0.4,184,24,2.6,-,-,-,-,-,-,96,0.15,-,-,-,100,Olahan,Serealia,KZGPI-1990,Snack
139,BP004,"Belitung, talas, kukus",63.1,145,1.2,0.4,34.2,1,1.1,21,48,0.9,7,552.6,0.2,0.9,-,-,-,0.08,0.1,2.3,1,100,Olahan,Umbi,KZGPI-1990,Utama
140,BP005,"Bentul, talas, kukus",81.1,71,2.3,0.3,15.4,0.5,0.9,29,26,0.6,-,201,0.2,0.6,-,-,-,0.06,-,-,21,100,Olahan,Umbi,KZGPI-1990,Utama
141,BP006,"Gadung, ubi, kukus",77.4,88,0.6,0.3,20.9,0.9,0.8,26,47,0.4,6,584,0.2,0.2,-,-,-,0.03,-,0.4,-,100,Olahan,Umbi,KZGPI-1990,Utama
142,BP007,"Ganyong, rebus",74.1,100,0.8,0.2,23.8,0.9,1.1,15,65,0.9,-,-,-,-,-,-,-,0.04,-,-,6,100,Olahan,Umbi,KZGPI-1990,Utama
143,BP008,Ketela pohon/singkong kukus,61.5,153,1.2,0.3,36.4,1.3,0.6,56,22,0.4,2,345.3,0.3,0.1,-,-,-,-,-,0.3,20,100,Olahan,Umbi,KZGPI-1990,Utama
144,BP009,"Suweg, talas, kukus",75.5,93,1.5,0.1,21.9,0.9,1,50,58,0.8,6,350.3,0.1,0.1,-,-,283,0.09,-,0.3,-,100,Olahan,Umbi,KZGPI-1990,Snack
145,BP010,"Talas bogor, kukus",69.2,120,1.5,0.3,28.2,0.7,0.8,31,63,0.7,11,498,0.2,0.6,-,-,-,0.05,0.6,0.8,2,100,Olahan,Umbi,KZGPI-1990,Utama
146,BP011,"Ubi jalar, kuning, kukus",74.2,100,0.7,0.3,23.8,1,1,44,46,0.4,3,0.8,0.1,0.2,-,819,4427,-,0.1,0.6,16,100,Olahan,Umbi,KZGPI-1990,Utama
147,BP012,Ubi jalar tinta/ kemayung kukus,58.5,165,0.9,0.2,39.8,1.1,0.6,20,23,0.8,1,0.9,0.1,0.2,-,-,-,0.02,0.1,0.5,-,100,Olahan,Umbi,KZGPI-1990,Utama
148,BP013,Bagea kelapa asin,3.5,450,3.2,13.9,78.1,-,1.3,38,38,0.3,74,-,0.2,0.2,-,-,-,0.3,-,-,-,100,Olahan,Umbi,KZGMI-2001,Snack
149,BP014,Bagea kelapa manis,3,452,1.3,13.8,80.6,-,1.3,38,39,0.3,75,-,0.2,0.2,-,-,0.3,-,-,-,-,100,Olahan,Umbi,KZGMI-2001,Snack
150,BP015,Bagea kenari asin,2.8,529,3.2,29.1,63.6,-,1.3,38,40,0.4,74,-,0.2,0.2,-,-,-,0.3,-,-,-,100,Olahan,Umbi,KZGMI-2001,Snack
151,BP016,Bagea kenari manis,3.1,523,3.2,28.2,64.2,-,1.3,38,39,0.3,74,-,0.2,0.2,-,-,-,0.3,-,-,-,100,Olahan,Umbi,KZGMI-2001,Snack
158,BP023,Bubur sagu,62.5,167,0.2,4,33,-,0.3,3,3,0.1,7,-,0.1,0.1,-,-,-,9,-,0.1,-,100,Olahan,Umbi,KZGMI-2001,Utama
159,BP024,Cassavastick,5.6,460,0.8,18.7,17.2,1.6,2.7,144,58,7.5,-,-,-,-,-,-,107,0.19,0.07,0.1,-,100,Olahan,Umbi,KZGPI-1990,Snack
160,BP025,Ceriping getuk singkong,7.2,462,1.2,20.7,67.7,0.6,3.2,1248,172,8.8,-,-,-,-,-,-,152,0.29,0.02,0.5,-,100,Olahan,Umbi,KZGPI-1990,Snack
161,BP026,Gatot,12.8,347,1.3,0.7,83.8,5.8,1.4,78,44,17.1,28,242,0.2,0.7,-,-,-,0.02,0.1,0.4,0.2,100,Olahan,Umbi,BKP,Snack
162,BP027,Geblek,52.1,195,0.4,1.7,44.4,3.6,1.4,35,13,0.6,353,125,0.3,0.3,-,-,0.3,0.02,-,0.1,0.2,100,Olahan,Umbi,BKP,Snack
163,BP028,Getuk goreng,16.5,360,1.3,6.4,74.3,0.8,1.5,59,81,3.2,-,-,-,-,-,-,-,0.21,-,0.1,-,100,Olahan,Umbi,KZGPI-1990,Snack
164,BP029,Getuk singkong,49.8,204,0.5,1.4,47.4,0.8,1.1,97,52,1.5,-,-,-,-,-,-,208,0.08,-,0.1,-,100,Olahan,Umbi,KZGPI-1990,Snack
165,BP030,Gurandil,47.5,218,0.5,2.5,48.5,3.1,1,50,25,2.8,-,-,-,-,-,-,-,0.19,-,-,-,100,Olahan,Umbi,KZGPI-1990,Snack
166,BP031,Kabuto,58.9,250,2.6,2.5,35.4,1.8,0.6,35,49,1.1,2,218,-,-,-,-,-,0.1,0.1,0.6,-,100,Olahan,Umbi,KZGMI-2001,Utama
167,BP032,Kapurung,79.6,41,2,0.3,7.8,2,0.6,34,12,0.3,185,566,0.1,0.3,-,213,-,0.12,0.25,2.7,15,100,Olahan,Umbi,KZGMI-2001,Utama
168,BP033,Kecimpring singkong goreng,3.7,464,1.2,18.6,73,1.3,3.5,82,52,3.4,-,-,-,-,-,-,3320,0.34,-,-,-,100,Olahan,Umbi,KZGPI-1990,Snack
169,BP034,Keremes,6.7,475,1.6,25.2,64.4,2.1,2.1,153,88,1,-,-,-,-,-,-,1000,-,-,-,-,100,Olahan,Umbi,KZGPI-1990,Snack
170,BP035,Keripik gadung,4,446,2.8,14.5,76,1.7,2.8,147,52,1.9,-,-,-,-,-,-,-,0.95,-,-,-,100,Olahan,Umbi,KZGPI-1990,Snack
171,BP036,Keripik kentang,7.8,448,2.7,18.8,67.1,3.8,3.6,25,130,1.2,712,406,1.1,-,-,15,-,0.1,0.05,2.8,-,100,Olahan,Umbi,KZGMI-2001,Snack
172,BP037,Keripik singkong,4.2,478,0.9,20.7,72,2,2.2,189,101,1.9,-,-,-,-,-,-,-,0.24,-,-,-,100,Olahan,Umbi,KZGPI-1990,Snack
173,BP038,Keripik singkong berbumbu,2.2,481,2.2,19.7,73.6,1.6,2.3,156,103,1.6,-,-,-,-,-,-,80,0.31,-,-,-,100,Olahan,Umbi,KZGPI-1990,Snack
174,BP039,Keripik ubi,6,486,0.2,23.9,67.6,14.3,2.3,68,92,0.9,52,2,0.7,2.3,-,920,-,0.1,0.1,0.5,-,100,Olahan,Umbi,KZGMI-2001,Snack
175,BP040,Kerupuk cumi goreng,3.4,444,6.9,14.6,71.3,5,3.8,47,375,1.8,837,191,0.1,0.3,-,-,-,0.4,0.1,1.8,-,100,Olahan,Umbi,KZGMI-2001,Snack
176,BP041,Kerupuk kemplang (ikan) mentah,14.2,325,1.8,0.4,78.5,4.5,5.1,59,268,2.3,1123,273,0.2,0.5,32,-,-,0.6,0.1,2.3,-,100,Olahan,Umbi,KZGMI-2001,Snack
177,BP042,Kerupuk kemplang goreng,5.8,504,5.6,28.1,57.1,0.3,3.4,50,94,2.9,-,-,-,-,6,-,280,0.31,-,-,-,100,Olahan,Umbi,KZGPI-1990,Snack
178,BP043,Kerupuk kemplang panggang,9.4,356,9.7,1.1,76.9,1,3,62,129,2.9,-,-,-,-,7,-,280,0.36,-,-,-,100,Olahan,Umbi,KZGPI-1990,Snack
179,BP044,Kerupuk mie kuning goreng,7.2,476,0.1,21.1,71.3,4.2,0.3,57,36,4.6,-,109,0.1,0.2,-,-,333,0.22,-,0.9,-,100,Olahan,Umbi,KZGPI-1990,Snack
180,BP045,Kerupuk udang goreng,4.4,477,4.7,20.5,68.5,5,1.9,24,188,0.9,449,109,0.1,0.2,-,-,-,0.2,-,0.9,-,100,Olahan,Umbi,KZGMI-2001,Snack
181,BP046,Kue bangket,16.1,338,1.5,1.2,80.3,-,0.9,34,35,0.3,67,-,0.2,0.2,-,-,-,0.3,-,-,-,100,Olahan,Umbi,KZGMI-2001,Snack
182,BP047,Kue putu singkong,44.2,217,1.2,0.5,53.2,2.4,0.9,48,68,1.5,3,305,-,-,-,-,-,0.1,0.1,0.8,-,100,Olahan,Umbi,KZGMI-2001,Snack
183,BP048,Lanting getuk,4.2,422,0.9,10.8,80.4,1.4,3.8,206,104,3.6,-,-,-,-,-,-,-,0.43,-,-,-,100,Olahan,Umbi,KZGPI-1990,Snack
184,BP049,Mi golosor,82.9,71,0.2,0.8,15.9,0.1,0.2,117,5,0.2,-,-,-,-,-,-,112,0.05,0.02,-,-,100,Olahan,Umbi,KZGPI-1990,Utama
186,BP051,Mie Sagu,52.8,190,0.2,0.4,46.5,1.4,0.1,8,7,0.3,10,2.6,0.1,-,-,2000,-,-,0.4,-,0.2,100,Olahan,Umbi,BKP,Utama
187,BP052,Ongol-ongol sagu,75.3,111,0.3,2.7,21.2,0.3,0.5,79,15,1.7,-,-,-,-,-,-,-,0.06,-,-,-,100,Olahan,Umbi,KZGPI-1990,Snack
188,BP053,Oyek,12.6,351,0.9,0.9,84.9,4.3,0.7,60,36,2.1,5,229,0.1,0.5,-,-,-,0.02,0.02,0.5,0.2,100,Olahan,Umbi,BKP,Utama
189,BP054,Papeda,84.8,61,0.2,0.1,14.9,0.5,0.1,3,1,0.2,4,20,0.1,0.1,-,-,-,0.06,-,-,-,100,Olahan,Umbi,KZGMI-2001,Snack
192,BP057,Sagu forno,31.5,291,0.5,4,63.4,-,0.6,10,20,0.8,40,50,0.1,0.2,-,-,-,-,-,-,-,100,Olahan,Umbi,KZGMI-2001,Snack
193,BP058,Sagu Lemak (Kue Sagon),4.3,452,2.8,14.8,76.8,1.1,0.7,15,39,1.1,182,52.7,0.04,0.8,-,1220,-,0.32,0.04,0.1,0.2,100,Olahan,Umbi,BKP,Snack
194,BP059,Sagu manis,32.6,287,0.5,3.9,62.4,-,0.6,8,17,0.7,34,42,0.1,0.2,-,-,-,-,-,-,-,100,Olahan,Umbi,KZGMI-2001,Snack
196,BP061,Sagu sinole,22,354,0.8,8.3,68.9,-,0.1,10,30,0.8,30,11,0.2,0.3,-,-,-,-,-,-,-,100,Olahan,Umbi,KZGMI-2001,Snack
198,BP063,Tapai singkong,57.4,169,1.4,0.3,40.2,2,0.7,21,34,0.8,-,-,-,-,-,-,-,-,-,-,9,100,Olahan,Umbi,KZGPI-1990,Snack
208,BP073,Tiwul,11.2,353,2.4,1.1,83.4,6.5,1.6,55,95,4.7,5,670,0.2,0.8,-,-,-,0.02,0.02,0.1,3,100,Olahan,Umbi,BKP,Utama
245,CP001,"Kacang belimbing (kecipir), rebus",55.6,204,16.9,8.8,17.5,4.8,1.2,230,180,3.3,43,1098,3.24,2.3,-,-,-,0.2,0.48,0.7,-,100,Olahan,Kacang,KZGPI-1990,Snack
246,CP002,"Kacang bogor, goreng",3,479,12.7,23.2,58.9,1.2,2.2,135,184,2.9,-,-,-,-,-,-,-,0.25,0.45,4.1,-,35,Olahan,Kacang,KZGPI-1990,Snack
247,CP003,"Kacang bogor, rebus",61.2,161,7.7,2.8,27.1,2,1.2,56,134,1.4,-,-,-,-,-,-,-,0.1,-,-,-,35,Olahan,Kacang,KZGPI-1990,Snack
248,CP004,"Kacang gude, rebus",61.5,147,9,0.5,27.5,3.4,1.5,50,175,2,14,1126,0.8,2.7,-,12,-,0.1,0.07,13.2,-,100,Olahan,Kacang,KZGPI-1990,Snack
249,CP005,"Kacang hijau, rebus",71.3,109,8.7,0.5,18.3,1.5,1.2,95,149,1.5,447,657.8,1.4,2.8,-,18,120,0.12,0.04,0.4,3,100,Olahan,Kacang,KZGPI-1990,Snack
250,CP006,"Kacang kedelai, goreng",9.6,521,32.2,37.7,22.9,7.6,3.7,296,800,6.5,3492,11890,26.3,60,-,-,20,0.4,1.9,19,-,100,Olahan,Kacang,KZGPI-1990,Snack
251,CP007,"Kacang kedelai, rebus",56.8,189,20.2,8.2,12.7,1.6,2.1,91,270,3.9,181,615,1.3,3.7,-,4,15,0.2,0.04,0.5,-,100,Olahan,Kacang,KZGPI-1990,Snack
252,CP008,"Kacang merah kering, rebus",59.6,158,10.3,0.9,28.2,2.6,1,160,149,3.7,6,311,0.27,1.5,-,-,-,0.2,0.09,0.8,-,100,Olahan,Kacang,KZGPI-l990,Snack
253,CP009,"Kacang merah segar, rebus",63.1,144,10,1,24.7,3.5,1.2,144,150,2.8,6,311,0.27,1.5,-,-,-,0.1,0.08,0.7,-,100,Olahan,Kacang,KZGPI-l990,Snack
254,CP010,"Kacang mete/biji jambu monyet, goreng",1,629,20.4,56.3,19.8,1.1,2.5,502,493,8,13,641.7,4.7,5.4,-,5,-,0.37,0.22,1.8,-,100,Olahan,Kacang,KZGPI-1990,Snack
255,CP011,Kacang tanah rebus dg kulit,40.2,360,13.5,31.2,12.8,-,2.3,42,177,1.4,32,483,1.6,2,-,-,-,0.44,0.13,9,5,43,Olahan,Kacang,DABM-1964,Snack
256,CP012,"Kacang tanah, goreng",2.5,564,25.5,44.4,25.5,2.8,2.8,106,390,4.1,-,-,-,-,-,-,-,0.4,-,-,-,100,Olahan,Kacang,KZGPI-l990,Snack
257,CP013,"Kacang tanah, rebus",62.1,220,10.6,18,8,1,1.3,89,273,1.9,36,536.2,1.78,2.2,-,-,-,0.1,-,-,-,100,Olahan,Kacang,KZGPI-l990,Snack
258,CP014,"Kacang tolo / tunggak, rebus",64.4,138,10.7,1.1,22.6,0.9,1.2,165,172,4,13,6.7,0.8,6.1,-,-,-,0.01,0.17,3.2,-,100,Olahan,Kacang,KZGPI-l990,Snack
261,CP017,Ampas tahu kukus,82.5,75,4.1,2.1,10.7,5.1,0.6,203,60,1.3,-,-,-,-,-,-,-,0.07,-,-,-,100,Olahan,Kacang,KZGPI-1990,Utama
263,CP019,Pepes oncom ampas tahu,80.9,76,5.2,1.8,10.6,2.2,1.5,215,66,12.5,-,-,-,-,-,-,268,0.11,-,-,-,100,Olahan,Kacang,KZGPI-1990,Utama
267,CP023,Dodol banjarmasin,17.3,368,2.6,8.6,70,0.5,1.5,51,180,3.3,48,96,0.4,2.6,-,-,-,0.04,0.07,2.3,-,100,Olahan,Kacang,KZGMI-2001,Snack
268,CP024,Emping (kerupuk melinjo),13,345,12,1.5,71.5,-,28,100,400,5,-,-,-,-,-,-,-,0.2,-,-,-,100,Olahan,Kacang,DABM-1964,Snack
269,CP025,Emping komak,14.2,355,17.8,4.6,60.7,-,2.7,87,304,4.3,24,1233,1,2.3,-,-,-,-,-,0.6,-,100,Olahan,Kacang,KZGMI-2001,Snack
270,CP026,Enting-enting gepuk hello kity,2.4,538,13.6,30.3,52.6,0.2,1,81,248,1.6,-,-,-,-,-,-,202,1,-,-,-,100,Olahan,Kacang,KZGPI-1990,Snack
271,CP027,Enting-enting gepuk kacang tanah,4.2,524,13.3,29.2,52,0.2,1.4,76,248,1.4,-,-,-,-,-,-,272,0.62,-,-,-,100,Olahan,Kacang,KZGPI-1990,Snack
272,CP028,Enting-enting wijen,3.7,565,18.2,38.4,36.8,1.9,3,251,502,10.9,-,-,-,-,-,-,240,0.92,-,-,-,100,Olahan,Kacang,KZGPI-1990,Snack
273,CP029,Geplak,29.6,350,1.4,14.4,53.6,1.8,1,151,43,2.1,-,-,-,-,-,-,120,0.12,0.02,0.8,-,100,Olahan,Kacang,KZGMI-2001,Snack
274,CP030,Geplak jahe,12.4,462,3.1,24.4,57.7,3.3,2.5,212,161,6.6,-,-,-,-,-,-,272,0.12,-,0.1,-,100,Olahan,Kacang,KZGMI-2001,Snack
275,CP031,Kacang atom,3.1,533,27.8,38.1,28.8,2.5,2.2,87,423,3,-,-,-,-,-,-,-,0.06,-,-,-,100,Olahan,Kacang,KZGPI-1990,Snack
276,CP032,Kacang goyang,8.3,516,14.7,31.1,44.4,-,1.5,34,230,0.7,2,365,0.6,1.7,-,-,-,-,-,-,-,100,Olahan,Kacang,KZGMI-2001,Snack
277,CP033,Kacang negara,3.1,480,18.4,19.1,58.5,11.7,0.9,34,404,10.3,1010,385,2.5,7.1,-,-,-,0.63,0.05,2.6,-,100,Olahan,Kacang,KZGMI-2001,Snack
278,CP034,Kacang sukro,4.7,484,8.8,26.1,57.7,1.8,2.7,49,194,2.5,-,-,-,-,-,-,-,0.06,-,-,-,100,Olahan,Kacang,KZGPI-1990,Snack
279,CP035,Kacang tanah sari,2.1,561,25.5,43.8,26,2.2,2.6,50,324,3.1,-,-,-,-,-,-,-,0.08,-,-,-,100,Olahan,Kacang,KZGPI-1990,Snack
280,CP036,Keju kacang tanah (peanut butter),3,590,27,49,20.9,1.6,0.1,60,360,2,355,492.4,0.57,2.7,-,-,-,0.3,0.2,16.2,-,100,Olahan,Kacang,DABM-1964,Snack
281,CP037,Kembang tahu,10.8,380,48.9,13.8,23.3,-,3.2,378,781,2.1,55,455.3,0.68,4.2,-,-,-,0.15,0.08,0.7,-,100,Olahan,Kacang,KZGPI-1990,Snack
283,CP039,Keripik oncom,3,598,8.3,43.8,42.6,3.3,2.2,85,153,27,-,-,-,-,-,-,1608,1.13,-,-,-,100,Olahan,Kacang,KZGPI-1990,Snack
284,CP040,Keripik tempe,3.3,581,12.1,40.6,41.7,2.2,2.3,237,116,6.9,-,-,-,-,-,-,320,0.35,-,-,-,100,Olahan,Kacang,KZGPI-1990,Snack
285,CP041,Keripik tempe abadi besar,4.5,556,15.8,37.1,39.8,3.5,2.8,112,215,5.4,-,-,-,-,-,-,-,0.63,-,-,-,100,Olahan,Kacang,KZGPI-1990,Snack
286,CP042,Keripik tempe abadi murni,3.2,542,40.3,42.4,11.6,2.2,2.7,175,529,5.2,-,-,-,-,-,-,50,0.1,-,-,-,100,Olahan,Kacang,KZGPI-1990,Snack
287,CP043,Keripik tempe abadi sedang,4.4,510,12.3,27.9,52.4,3.6,3.1,122,211,8.4,-,-,-,-,-,-,-,0.52,-,-,-,100,Olahan,Kacang,KZGPI-1990,Snack
288,CP044,Keripik tempe abadi telur,4.5,529,20.8,31.7,40.2,3,2.9,124,222,5.4,-,-,-,-,-,-,-,0.86,-,-,-,100,Olahan,Kacang,KZGPI-1990,Snack
289,CP045,Keripik tempe abadi prima,4.8,540,16.7,33.9,42,2.2,2.6,92,184,3.2,-,-,-,-,-,-,1080,0.38,-,-,-,100,Olahan,Kacang,KZGPI-1990,Snack
290,CP046,Kwaci,9.9,515,30.6,42.1,13.8,13.6,3.7,54,312,6.2,124,448.6,0.65,9.7,-,-,-,0.02,0.19,0.3,-,35,Olahan,Kacang,DABM-1964,Snack
294,CP050,Moon tahu,79.9,128,8,10,1.3,0.2,0.8,205,92,2.5,393,-,-,-,131,-,5300,0.46,-,-,-,100,Olahan,Kacang,KZGMS-1993,Utama
295,CP051,Oncom,57,187,13,6,22.6,-,1.4,96,115,27,-,-,-,-,-,-,-,0.09,-,1.6,-,100,Olahan,Kacang,DABM-1964,Utama
296,CP052,Oncom ampas kacang hijau,13.4,376,14.9,6,65.7,12.3,1.7,199,110,10.9,-,-,-,-,-,-,-,0.03,-,-,-,100,Olahan,Kacang,KZGPI-1990,Utama
297,CP053,Oncom kacang hijau + singkong,16.5,351,11,5.3,65.9,9,1.3,164,113,7.8,-,-,-,-,-,-,-,0.01,-,-,-,100,Olahan,Kacang,KZGPI-1990,Utama
298,CP054,Oncom kacang tanah pepes,65,132,12.7,3.8,13.7,3.1,4.8,133,355,34.4,-,-,-,-,-,-,10,0.08,0.2,0.7,-,100,Olahan,Kacang,KZGPI-1990,Utama
299,CP055,Rempeyek kacang tanah,3.9,513,17.5,32.5,44.3,1.7,1.8,65,202,2.6,-,-,-,-,-,-,-,0.1,-,-,-,100,Olahan,Kacang,KZGPI-1990,Snack
300,CP056,Rempeyek kacang tolo,6.1,451,11.2,20.2,59.7,1.8,2.8,156,221,4.6,-,-,-,-,-,-,-,0.02,-,-,-,100,Olahan,Kacang,KZGPI-1990,Snack
301,CP057,Rempeyek kacang uci,4,497,17,27.6,50.8,2.4,3.4,166,89,6.7,-,-,-,-,-,-,-,0.05,-,-,-,100,Olahan,Kacang,KZGPI-1990,Snack
302,CP058,Sayur lebui,83.9,64,2.1,0.6,12.5,5.7,0.9,21,2,1,124,146,0.2,0.7,-,14,-,-,-,0.1,-,100,Olahan,Kacang,KZGMI-2001,Utama
304,CP060,Susu kedelai,87,41,3.5,2.5,5,0.2,2,50,45,0.7,128,287.9,0.12,1,-,-,200,0.08,0.05,0.7,2,100,Olahan,Kacang,DABM-1964,Semua
306,CP062,Tahu goreng,77.3,115,9.7,8.5,2.5,0.1,2,229,200,4.1,7,68.2,0.09,1.3,-,-,-,0.01,0.24,-,-,100,Olahan,Kacang,KZGPI-1990,Utama
307,CP063,Tahu telur,41.8,328,12.6,19.9,24.6,0.4,1.1,492,238,4.9,755,-,-,-,73,-,1860,0.42,-,-,-,100,Olahan,Kacang,KZGMS-1993,Utama
308,CP064,Takwa,72.2,148,13.8,8.5,4,-,1.6,140,214,8.5,3,79,0.3,1.3,-,-,920,0.2,0.1,0.8,-,100,Olahan,Kacang,KZGPI-1990,Snack
327,CP083,Tempe pasar goreng,42.9,336,20,28,7.8,3.4,1.3,156,350,3,20,566.2,0.8,2.2,-,-,10,0.1,0.5,3,-,100,Olahan,Kacang,KZGPI-1990,Semua
383,DP001,"Bayam, kukus",90.7,30,1.3,0.7,5.8,1.2,1.6,239,35,5.7,15,431,0.1,0.3,-,2699,3750,0.02,0.1,0.9,32,100,Olahan,Sayur,KZGPI-1990,Utama
384,DP002,"Bayam, rebus",93.5,23,1.2,0.6,3.7,1.1,1,150,35,0.5,16,308.4,0.2,0.3,-,3282,2864,0.02,0.1,0.9,19,100,Olahan,Sayur,KZGPI-1990,Utama
385,DP003,"Buncis, rebus",90.6,30,2.2,0.2,6.4,1.5,0.6,107,47,0.5,7,138.9,0.1,0.3,-,1,402,0.01,0.29,2,8,100,Olahan,Sayur,KZGPI-1990,Utama
386,DP004,"Daun kacang panjang, kukus",87.2,40,3.7,0.3,8,1.8,0.8,111,66,3.7,6,419.5,0.2,0.3,-,2645,5781,0.15,0.2,0.9,11,100,Olahan,Sayur,KZGPI-1990,Utama
387,DP005,"Daun katuk, rebus",83.3,53,5.3,0.9,9.1,1.2,1.4,185,102,3.1,16,291.3,0.3,1.3,-,11131,9000,-,0.3,2.2,66,100,Olahan,Sayur,KZGPI-1990,Utama
388,DP006,"Daun kelor, rebus",80.3,61,6.1,0.9,10,0.9,2.6,255,36,2.1,45,181.2,0.1,0.6,-,3972,6071,0.1,0.1,4,13,100,Olahan,Sayur,KZGPI-1990,Utama
389,DP007,"Daun mengkudu, kukus",81.6,63,3.8,1.5,11.5,2.4,1.6,300,43,6,-,-,-,-,-,2,4900,0.08,0.1,5.2,11,100,Olahan,Sayur,KZGPI-1990,Utama
390,DP008,"Daun singkong, rebus",90.5,31,3.7,0.6,4.8,1.6,0.4,160,50,2.6,13,14,0.1,2,-,3897,4150,0.02,0.1,1.7,34,100,Olahan,Sayur,KZGPI-1990,Utama
391,DP009,"Daun talas, rebus",91.6,27,1.3,0.2,5.9,1.6,1,119,41,1.4,3,519.4,0.5,0.5,-,4641,2682,-,0.6,1.9,7,100,Olahan,Sayur,KZGPI-1990,Utama
392,DP010,"Daun ubi merah, kukus",82.5,56,3.1,0.3,13,1.5,1.1,78,52,4.3,28,472.8,0.1,0.4,-,5277,5397,-,0.2,1.1,14,100,Olahan,Sayur,KZGPI-1990,Utama
393,DP011,"Kacang panjang, kukus",88.2,39,3,0.6,7.6,1.7,0.6,100,91,1.2,28,199,0.11,0.5,-,131,205,0.02,0.1,0.3,20,100,Olahan,Sayur,KZGPI-1990,Utama
394,DP012,"Kacang panjang, rebus",90.9,30,2.3,0.4,5.8,1.4,0.6,71,68,0.8,24,114.5,0.1,0.4,-,128,162,-,0.07,0.2,15,100,Olahan,Sayur,KZGPI-1990,Utama
395,DP013,"Kangkung, kukus",90.4,30,3.2,0.7,4.7,1.8,1,70,49,4.4,45,184.9,0.1,0.4,-,2370,5837,0.03,0.28,1.4,11,100,Olahan,Sayur,KZGPI-1990,Utama
396,DP014,"Kangkung, rebus",93,22,2.5,0.6,3.1,1.2,0.8,50,51,3.5,31,98,0.1,0.3,-,2370,4325,0.01,0.22,1.2,13,100,Olahan,Sayur,KZGPI-1990,Utama
397,DP015,"Paria putih, kukus",95,16,0.8,0.2,3.4,1.2,0.6,16,33,0.5,4,236,-,0.7,-,187,65,0.15,0.04,0.3,35,100,Olahan,Sayur,KZGPI-1990,Utama
398,DP016,"Selada, rebus",93.5,19,2.7,0.2,2.9,0.7,0.7,83,74,1.4,24,160.7,0.05,0.3,-,2499,3700,0.08,0.2,0.6,27,100,Olahan,Sayur,KZGPI-1990,Utama
399,DP017,"Taoge, goreng",79.2,88,3.2,2.1,14,0.7,1.5,168,50,5.7,-,-,-,-,2,-,613,0.05,-,-,-,100,Olahan,Sayur,KZGPI-1990,Utama
400,DP018,"Taoge, seduh",91.9,28,3,0.8,4,1,0.3,52,73,0.5,18,58.3,0.19,0.4,-,46,18,0.1,-,0.9,2,87,Olahan,Sayur,KZGPI-1990,Utama
401,DP019,"Terung panjang, kukus",92.7,23,1.8,0.1,4.9,0.4,0.5,40,13,0.5,9,57,67.1,0.2,-,99,20,-,0.07,0.7,1,100,Olahan,Sayur,KZGPI-1990,Utama
402,DP020,"Wortel, rebus",92.1,28,0.7,0.5,6.3,0.8,0.4,46,28,0.6,41,117.3,0.1,0.2,-,3824,5396,0.01,0.03,0.7,12,100,Olahan,Sayur,KZGPI-1990,Utama
403,DP021,"Wortel, kukus",89.5,37,1,0.6,8.3,1.1,0.6,44,30,0.6,43,122.5,0.11,0.3,-,3994,7150,0.02,0.03,0.8,14,100,Olahan,Sayur,KZGPI-1990,Utama
404,DP022,"Asinan Bogor, sayuran",78,98,3.9,2.6,14.8,0.5,0.7,314,17,1.2,483,-,-,-,10,-,146,0.28,-,-,5,100,Olahan,Sayur,KZGMS-1993,Snack
405,DP023,"Anyang, sayur",76.9,126,3.4,7.9,10.3,5.4,1.5,180,1,2.9,290,181,0.3,1.2,-,3263,-,0.2,-,-,-,100,Olahan,Sayur,KZGMI-2001,Utama
406,DP024,"Ares, sayur",77.7,113,0.9,7.2,11.2,4.7,3,63,5,1.5,1413,1030,0.7,3.8,-,6,-,0.1,-,0.5,-,100,Olahan,Sayur,KZGMI-2001,Utama
407,DP025,Arwan sirsir,59,277,2.4,25,10.7,4.6,2.9,120,40,2.4,240,320,0.2,0.9,-,1578,-,0.1,0.2,-,11,100,Olahan,Sayur,KZGMI-2001,Utama
408,DP026,Beberuk,89.1,65,1.1,5.2,3.5,3.1,1.1,179,72,8.3,53,427,0.4,0.2,-,44,-,0.3,-,4.4,-,100,Olahan,Sayur,KZGMI-2001,Utama
409,DP027,Botok lamtoro,63.9,186,11.7,9.7,13,2.1,2.2,771,322,26,-,-,-,-,18,-,179,0.27,-,-,2,100,Olahan,Sayur,KZGPI-1990,Utama
410,DP028,Buntil daun talas,74.5,141,4.4,10.2,8,1.8,3,149,121,14.5,-,-,-,-,13,-,8610,0.25,-,-,1,100,Olahan,Sayur,KZGPI-1990,Utama
411,DP029,Cammetutu,79.6,102,3.2,6,8.7,4.3,2.5,41,93,0.5,443,518,0.3,0.7,-,1123,-,0.3,0.4,0.4,19,100,Olahan,Sayur,KZGMI-2001,Utama
412,DP030,"Cap cai, sayur",82.7,97,5.8,6.3,4.2,0.6,1,287,89,1.8,405,-,-,-,45,-,1640,0.21,-,-,1,100,Olahan,Sayur,KZGMS-1993,Utama
413,DP031,Gado-gado,68.5,137,6.1,3.2,21,1.1,1.5,301,135,7.5,-,-,-,-,3,-,5929,0.1,-,-,1,100,Olahan,Sayur,KZGPI-1990,Utama
414,DP032,"Gudeg, sayur",69.2,160,3.3,9.2,16,2.3,2.1,62,55,12.8,-,-,-,-,-,-,166,0.15,-,-,-,100,Olahan,Sayur,KZGPI-1990,Utama
415,DP033,Gulai pakis,76.1,143,4,11.4,6,1.4,2.6,548,124,1.7,-,-,-,-,11,-,9802,0.35,-,-,1,100,Olahan,Sayur,KZGPI-1990,Utama
416,DP034,Gulai pliek,71.9,176,7.3,14.9,3.2,-,2.7,39,54,1.4,257,285,0.3,0.6,-,-,-,-,-,-,-,100,Olahan,Sayur,KZGMI-2001,Utama
417,DP035,Kadada katembe,80,110,4.5,6.9,7.1,3.9,1.5,26,77,-,178,131,0.2,0.7,-,46,-,0.1,-,3.7,23,100,Olahan,Sayur,KZGMI-2001,Utama
419,DP037,"Karedok, sayur",79,92,2.2,3.3,14.1,1.4,1.4,174,85,2.4,-,-,-,-,-,-,1,0.08,-,-,3,100,Olahan,Sayur,KZGPI-1990,Utama
420,DP038,Keripik bayam,2.3,586,4.9,40.6,50.2,0.5,1.9,236,117,3.6,-,-,-,-,-,-,4544,0.16,-,-,-,100,Olahan,Sayur,KZGPI-1990,Snack
422,DP040,Lema/Rebung asam,96.3,15,1,0.4,1.9,-,0.4,17,230,2.9,3,156,0.1,0.7,-,-,-,0.3,-,-,-,100,Olahan,Sayur,KZGMI-2001,Utama
424,DP042,Olah-olah,83.9,9,2.1,6,7.1,4.4,0.9,26,3,1.2,289,266,0.3,0.6,-,36,-,0.2,0.1,0.4,-,100,Olahan,Sayur,KZGMI-2001,Utama
426,DP044,Pelecing kangkung,83.8,75,2.5,2.8,10,5.4,0.9,36,3,2.1,408,381,0.1,0.4,-,870,-,0.7,-,0.2,12,100,Olahan,Sayur,KZGMI-2001,Utama
428,DP046,Rujak cingur,70.1,153,11.3,8.4,8,1.4,1.4,256,143,4.4,-,-,-,-,18,-,2880,0.16,-,-,2,100,Olahan,Sayur,KZGPI-1990,Utama
429,DP047,Sayur asem,93.2,29,0.7,0.6,5,0.6,0.8,40,61,3.1,-,-,-,-,14,-,2075,0.1,-,-,0.3,100,Olahan,Sayur,KZGPI-1990,Utama
430,DP048,Sayur bunga pepaya,83.4,49,1.7,0.3,9.8,2.7,2.1,220,220,1.3,90,350,0.1,0.1,-,372,-,-,0.1,-,-,100,Olahan,Sayur,KZGMI-2001,Utama
431,DP049,Sayur garu,70.8,178,2.6,13.9,10.6,8.4,2.1,30,130,0.9,20,120,0.1,0.3,-,-,-,0.2,0.1,-,9,100,Olahan,Sayur,KZGMI-2001,Utama
432,DP050,Sayur kohu-kohu,72.8,133,7.3,6.6,11.2,1.2,2.1,40,120,0.2,20,50,0.1,0.3,-,944,-,0.2,0.2,-,9,100,Olahan,Sayur,KZGMI-2001,Utama
433,DP051,Sayur lilin-terubuk,90.4,36,2.7,0.7,4.8,1.4,1.4,10,90,0.1,30,44,0.2,1,-,-,-,0.3,0.2,-,18,100,Olahan,Sayur,KZGMI-2001,Utama
435,DP053,Sayur sop,92.7,27,1.3,2,1,0.3,2.7,168,57,1.8,-,-,-,-,20,-,2569,0.1,-,-,0.2,100,Olahan,Sayur,KZGPI-1990,Utama
436,DP054,Sayur umbut kelapa,85.5,67,5.2,2.9,5.1,1.4,1.3,48,81,3.2,313,108,0.2,1.1,-,21,-,0.2,-,-,5,100,Olahan,Sayur,KZGMI-2001,Utama
437,DP055,Sayur umbut rotan,87.6,57,5.4,2.6,3.1,1.6,1.3,184,135,1.2,256,81,0.2,0.9,-,18,-,0.2,-,-,6,100,Olahan,Sayur,KZGMI-2001,Utama
438,DP056,Shabu-shabu,87.1,88,3.2,8,0.8,0.9,0.9,217,48,2.9,514,-,-,-,82,-,2000,0.2,-,-,-,100,Olahan,Sayur,KZGMS-1993,Utama
439,DP057,Semur jengkol,52.7,212,6,10,29.1,-,2.2,77,99,1,-,-,-,-,-,-,81,0.14,-,-,4,100,Olahan,Sayur,KZGMS-1993,Utama
441,DP059,Tumis bayam bersantan,91.2,48,1.4,4.2,2.6,0.5,0.6,129,27,0.8,-,-,-,-,-,-,2988,0.01,-,-,22,100,Olahan,Sayur,KZGPI-1990,Utama
442,DP060,Waluh balamak,89.4,45,0.8,0.9,8.1,7.9,1,25,25,0.5,61,15,-,0.2,-,1241,-,0.2,-,0.1,2,100,Olahan,Sayur,KZGMI-2001,Utama
443,DP061,Woku ubi,73,143,3.1,7.8,15,7,1.1,195,91,2.8,353,256,0.3,1,-,1519,-,0.1,-,-,15,100,Olahan,Sayur,KZGMI-2001,Utama
447,DR004,"Andewi, segar",91.8,226,1.6,0.2,5.3,4.1,1.1,33,66,1,29,414.6,0.13,1,-,1717,-,0.14,0.09,0.5,10,80,Tunggal,Sayur,DABM-1964,Snack
482,DR039,"Daun kemangi, segar",85,43,5.5,0.3,7.5,8.4,1.7,35,106,1,10,457.1,-,-,-,1282,1017,0.06,0.1,1.2,30,65,Tunggal,Sayur,DABM-1964,Snack
552,DR109,"Ketimun, segar",97.9,8,0.2,0.2,1.4,0.3,0.3,29,95,0.8,2,57.1,0.02,0.1,-,18,314,0.01,0.02,0.1,1,55,Tunggal,Sayur,KZGPI-1990,Snack
553,DR110,"Ketimun krai, segar",96.8,10,0.5,0.2,2,0.6,0.5,20,98,1,10,82.1,0.03,0.1,-,19,21,0.02,0.03,0.1,3,82,Tunggal,Sayur,KZGPI-1990,Snack
554,DR111,"Ketimun madura, segar",97.1,9,0.5,0.1,1.9,0.7,0.4,15,102,0.6,2,78.9,0.02,0.1,-,25,-,0.02,0.02,0.1,5,89,Tunggal,Sayur,KZGPI-1990,Snack
573,DR130,"Nangka muda, segar",85.4,57,2,0.4,11.3,8.3,0.9,45,29,0.5,1,246.5,0.04,0.1,-,21,25,0.07,0.06,0.7,9,80,Tunggal,Sayur,DABM-1964,Snack
576,DR133,"Pepaya muda, segar",92.3,29,2.1,0.1,4.9,2.1,0.6,50,16,0.4,22,211.2,0.01,-,-,-,50,0.02,0.03,0.3,19,65,Tunggal,Sayur,DABM-1964,Snack
577,DR134,"Petai, segar",77.2,92,5.4,1.1,15.2,2,1.1,14,170,1.6,55,221,0.2,0.8,-,114,-,0.8,0.1,6.1,34,36,Tunggal,Sayur,KZGMI-2001,Snack
578,DR135,"Peterseli, segar",83.9,53,3.7,1,9,-,2.4,193,84,4.3,18,1125.6,0.2,1.4,-,2940,8230,0.11,0.29,0.7,193,95,Tunggal,Sayur,DABM-1964,Snack
588,DR145,"Selada, segar",94.8,18,1.2,0.2,2.9,1.8,0.9,22,25,0.5,19,186.4,0.03,0.2,-,1526,540,0.04,0.13,0.4,8,69,Tunggal,Sayur,DABM-1964,Snack
590,DR147,"Seledri, segar",93,23,1,0.1,4.6,2,1.3,50,40,1,64,258.8,0.08,0.4,-,63,130,0.03,0.07,0.4,11,63,Tunggal,Sayur,DABM-1964,Snack
603,DR160,"Tomat, air (sari), segar",94,20,1,0.2,3.5,0.4,1.3,7,15,0.4,10,225.2,0.06,0.1,-,266,600,0.05,0.03,0.7,10,100,Tunggal,Sayur,DABM-1964,Snack
604,DR161,"Tomat merah, segar",92.9,24,1.3,0.5,4.7,-,0.6,8,77,0.6,10,164.9,0.14,0.2,-,575,2083,0.06,0.07,0.4,34,100,Tunggal,Sayur,KZGPI-1990,Snack
605,DR162,"Tomat muda, segar",93,24,2,0.7,3.3,1.8,2,5,27,0.5,10,210,0.07,0.2,-,384,320,0.07,0.04,0.7,30,95,Tunggal,Sayur,DABM-1964,Snack
609,DR166,"Wortel, segar",89.9,36,1,0.6,7.9,1,0.6,45,74,1,70,245,0.06,0.3,-,3784,7125,0.04,0.04,1,18,80,Tunggal,Sayur,KZGPI-1990,Snack
610,EP001,Barongko,66.7,159,3.1,5.8,23.5,-,0.7,35,65,1.2,46,78,0.3,0.6,-,-,-,-,-,-,8,100,Olahan,Buah,KZGMI-2001,Snack
613,EP004,Keripik lampung,5,485,1.7,22.2,69.7,0.6,1.5,43,65,0.8,-,-,-,-,-,4,7330,0.41,-,-,-,100,Olahan,Buah,KZGPI-1990,Snack
614,EP005,Ledre pisang,3.6,405,4.8,5.1,84.9,0.4,1.6,59,124,2.6,-,-,-,-,-,-,-,0.05,-,-,-,100,Olahan,Buah,KZGPI-1990,Snack
615,EP006,Lempog durian,25.2,320,3.5,5.7,63.7,4.9,1.9,190,93,2.5,-,-,-,-,-,13,-,0.18,0.04,-,15,100,Olahan,Buah,KZGPI-1990,Snack
621,EP012,"Sale pisang, cilacap",27.1,295,2.3,2.1,66.9,1.3,1.7,47,97,2.8,-,-,-,-,-,10,-,0.22,0.03,-,42,100,Olahan,Buah,KZGPI-1990,Snack
625,ER001,"Alpukat, segar",84.3,85,0.9,6.5,7.7,-,0.6,10,20,0.9,2,278,0.2,0.4,-,189,180,0.05,0.08,1,13,61,Tunggal,Buah,DABM-1964,Snack
626,ER002,"Anggur hutan, segar",92.3,30,0.5,0.2,6.8,1.2,0.2,39,12,1.1,-,-,-,-,-,-,1,0.01,-,-,3,100,Tunggal,Buah,KZGPI-1990,Snack
627,ER003,"Apel malang, segar",85.9,57,0.5,0.4,12.8,0.8,0.3,9,18,0.6,4,175.4,110.16,-,-,26,2240,0.05,0.03,0.1,5,88,Tunggal,Buah,KZGPI-1990,Snack
628,ER004,"Apel, segar",84.1,58,0.3,0.4,14.9,2.6,0.3,6,10,0.3,2,130,124.2,0.3,-,30,90,0.04,0.03,0.1,5,88,Tunggal,Buah,DABM-1964,Snack
629,ER005,"Arbai, segar",89.9,37,0.8,0.5,8.3,-,0.5,28,27,0.8,2,43,63.52,18.9,-,2,60,0.03,-,0.1,60,96,Tunggal,Buah,DABM-1964,Snack
630,ER006,"Belimbing, segar",90,36,0.4,0.4,8.8,3.3,0.4,4,12,1.1,4,130,-,0.1,-,29,170,0.03,-,-,35,86,Tunggal,Buah,DABM-1964,Snack
631,ER007,"Biwah, segar",87.1,51,0.3,0.1,12.1,0.7,0.5,220,14,0.8,1,258.6,0.04,0.1,-,-,12256,0.1,0.02,-,4,66,Tunggal,Buah,KZGPI-1990,Snack
632,ER008,"Buah atung, segar",92,23,0.8,0.2,5.2,-,1.8,30,50,4.6,-,-,-,-,-,-,-,0.29,-,-,38,80,Tunggal,Buah,DABM-1964,Snack
633,ER009,"Buah kelenting, segar",73.9,110,1.4,2.1,21.4,-,1.2,8,102,1.1,2,-,0.3,0.9,-,-,-,0.2,0.1,-,6,77,Tunggal,Buah,KZGMI-2001,Snack
634,ER010,"Buah kom, segar",33.7,264,4,1.1,59.6,9,1.7,306,92,0.8,-,-,-,-,-,-,400,0.11,-,-,9,100,Tunggal,Buah,KZGPI-1990,Snack
635,ER011,"Buah mentega (Bisbul), segar",89,39,0.7,0.2,9.7,2,0.4,43,17,0.8,1,90,0.06,0.1,-,141,55,0.02,0.01,0.1,33,50,Tunggal,Buah,DABM-1964,Snack
636,ER012,"Buah Naga Merah, segar",85.7,71,1.7,3.1,9.1,3.2,0.4,13,14,0.4,128,128,-,0.4,-,-,-,0.5,0.3,0.5,1,67,Tunggal,Buah,BKP,Snack
637,ER013,"Buah Naga Putih, segar",86.6,56,0.8,1,10.9,3.2,0.6,13,27,0.5,231,231,-,0.4,-,-,-,0.02,0.5,0.9,1,74,Tunggal,Buah,BKP,Snack
638,ER014,"Buah negri, segar",85.7,55,1.2,0.1,12.2,5.2,0.8,30,40,0.2,10,-,0.1,0.3,-,460,-,0.33,0.03,0.1,9,48,Tunggal,Buah,KZGMI-2001,Snack
639,ER015,"Buah nona, segar",71.5,101,1.7,0.6,25.2,2.8,1,27,20,0.8,5,312.5,325.7,0.1,-,49,-,0.08,0.16,0.9,22,58,Tunggal,Buah,DABM-1964,Snack
640,ER016,"Buah rotan, segar",79.4,78,0.6,0.3,18.2,-,1.5,1,7,3.4,7,495,0.3,0.7,-,-,-,0.12,-,-,5,-,Tunggal,Buah,KZGMI-2001,Snack
641,ER017,"Buah rukam, segar",71.3,113,0.8,0.3,26.8,7.7,0.8,108,52,1.2,2,219,0.3,0.9,-,17,-,0.06,0.01,-,20,100,Tunggal,Buah,KZGMI-2001,Snack
642,ER018,"Buah ruruhi, segar",93,29,2.1,0.7,3.6,2.6,0.3,6,7,-,36,45,-,0.1,-,7,-,0.06,0.01,-,10,82,Tunggal,Buah,KZGMI-2001,Snack
643,ER019,"Buah tuppa, segar",82.5,67,0.4,0.2,15.9,-,1,12,139,0.5,2,-,0.2,0.5,-,-,-,0.04,0.01,-,5,-,Tunggal,Buah,KZGMI-2001,Snack
644,ER020,"Carica papaya, segar",93.4,24,1.9,0.2,3.7,1,0.9,51,33,1.8,-,-,-,-,-,-,1000,0.32,0.07,-,85,60,Tunggal,Buah,KZGPI-1990,Snack
645,ER021,"Cempedak, segar",67,116,3,0.4,28.6,3.4,1,20,30,1.5,26,243.7,-,-,-,79,200,-,-,0.5,15,30,Tunggal,Buah,DABM-1964,Snack
646,ER022,"Duku, segar",82,63,1,0.2,16.1,4.3,0.7,18,9,0.9,2,147.5,0.09,0.2,-,-,-,0.05,0.15,1.5,9,64,Tunggal,Buah,DABM-1964,Snack
647,ER023,"Durian, segar",65,134,2.5,3,28,3.5,8,7,44,1.3,1,601,0.12,0.3,-,146,175,0.1,0.19,136.5,53,22,Tunggal,Buah,DABM-1964,Snack
648,ER024,"Duwet, segar",80.2,80,0.5,0.6,18.2,0.9,0.5,33,138,1.3,16,92.7,191.28,0.3,-,329,-,0.02,0.01,2.5,130,67,Tunggal,Buah,KZGPI-1990,Snack
649,ER025,"Embacang, segar",72.5,98,1.4,0.2,25.4,1.9,0.5,21,15,0.5,3,250.9,0.13,0.1,-,2533,1218,0.03,0.09,0.7,56,65,Tunggal,Buah,DABM-1964,Snack
651,ER027,"Erbis, segar",80,70,0.6,-,18.9,7.7,0.5,11,50,1.1,21,257.1,0.06,0.1,-,549,10,-,0.1,1.1,16,33,Tunggal,Buah,DABM-1964,Snack
652,ER028,Gandaria masak,80.8,68,0.7,0.1,18,2.2,0.4,9,20,1,3,129,-,-,-,329,1020,0.03,0.07,0.7,111,70,Tunggal,Buah,DABM-1964,Snack
654,ER030,"Jambu air, segar",87,46,0.6,0.2,11.8,2.1,0.8,8,9,1.1,11,321.2,-,0.1,-,92,-,0.02,0.38,4.6,5,90,Tunggal,Buah,DABM-1964,Snack
655,ER031,Jambu biji,86,49,0.9,0.3,12.2,2.4,0.6,14,28,1.1,10,52.8,0.02,0.3,-,27,25,0.02,0.03,0.8,87,82,Tunggal,Buah,DABM-1964,Snack
656,ER032,Jambu biji putih tidak berbiji,82.8,61,0.9,0.3,15.4,4.5,0.6,31,41,0.2,20,103,0.04,0.5,-,53,18,1.02,0.06,1.3,116,82,Tunggal,Buah,KZGPI-1990,Snack
657,ER033,"Jambu bol, segar",87.1,49,2.3,0.2,9.6,3.5,0.8,8,8,0.3,1,14,-,-,-,92,-,0.13,0.01,0.5,22,67,Tunggal,Buah,KZGMI-2001,Snack
658,ER034,"Jambu monyet, segar",82.6,64,0.7,0.6,15.8,1.2,0.3,4,13,0.5,12,107.8,-,-,-,1604,25,0.02,-,2,197,90,Tunggal,Buah,DABM-1964,Snack
659,ER035,"Jeruk bali, segar",86.3,48,0.6,0.2,12.4,0.8,0.5,23,27,0.5,21,366.1,171.25,0.1,-,33,20,0.04,-,0.4,43,62,Tunggal,Buah,DABM-1964,Snack
660,ER036,"Jeruk banjar, segar",84.5,61,0.8,0.2,14.1,-,0.4,9,13,0.2,3,79,0.1,0.1,-,9,-,0.12,0.03,0.3,31,72,Tunggal,Buah,KZGMI-2001,Snack
661,ER037,Jeruk garut-keprok,87.3,44,0.8,0.3,10.9,1.6,0.7,33,23,0.4,5,518.1,169.3,0.2,-,0.3,420,0.07,0.03,0.2,31,71,Tunggal,Buah,DABM-1964,Snack
662,ER038,"Jeruk Kalamansi, segar",90.2,39,0.3,0.3,8.9,2.3,0.4,42,85,0.5,82,82,0.3,0.1,-,1000,0.3,0.02,0.1,-,30,100,Tunggal,Buah,BKP,Snack
663,ER039,"Jeruk manis, segar",87.2,45,0.9,0.2,11.2,1.4,0.5,33,23,0.4,4,472.1,160,0.2,-,0.3,190,0.08,0.03,0.2,49,72,Tunggal,Buah,DABM-1964,Snack
664,ER040,"Jeruk nipis, segar",88.9,44,0.5,0.2,10,0.4,0.4,18,22,0.2,3,108.9,0.06,0.1,-,23,4,0.01,0.03,0.2,20,76,Tunggal,Buah,KZGPI-1990,Snack
665,ER041,"Jeruk ragi, segar",87.6,49,0.7,0.2,11.1,0.5,0.4,36,67,0.7,4,457.3,155,0.2,-,0.3,68,0.03,0.03,0.2,30,59,Tunggal,Buah,KZGPI-1990,Snack
666,ER042,"Kawista, segar",71.8,120,3.5,2.5,20.8,4.6,1.4,190,230,1.6,9,1015.6,308.43,0.4,-,99,-,0.07,0.07,0.4,3,72,Tunggal,Buah,KZGPI-1990,Snack
667,ER043,"Kedondong masak, segar",88,46,1,0.1,10.3,2.6,0.6,15,22,2.8,2,216.2,0.03,0.1,-,164,233,0.08,0.23,0.3,30,58,Tunggal,Buah,DABM-1964,Snack
668,ER044,"Kedondong, segar",87.8,47,0.5,0.2,10.4,2.7,0.6,7,58,0.8,2,-,-,0.2,-,167,-,0.07,0.04,0.4,32,58,Tunggal,Buah,KZGMI-2001,Snack
669,ER045,"Kelapa hutan, kering",6,623,2,52.1,36.5,15.3,3.4,120,280,3.8,100,460,1.7,1.9,-,-,-,-,-,0.2,-,-,Tunggal,Buah,KZGMI-2001,Snack
670,ER046,"Kelapa muda, daging, segar",83.3,68,1,0.9,14,-,0.8,7,30,1,18,564.6,0.14,0.4,-,-,-,0.06,0.02,0.6,4,53,Tunggal,Buah,DABM-1964,Snack
671,ER047,"Kemang, segar",86.5,48,1,0.2,11.9,1.7,0.4,10,24,0.1,2,88.6,0.04,0.1,-,318,6,0.08,0.01,0.3,58,65,Tunggal,Buah,DABM-1964,Snack
672,ER048,"Kesemek, segar",78.2,78,0.8,0.4,20,0.6,0.6,6,26,0.3,0.3,34.5,0.13,0.1,-,109,2710,0.05,-,0.1,11,97,Tunggal,Buah,DABM-1964,Snack
673,ER049,"Kokosan, segar",85,86,1.6,0.2,13,1.4,0.2,22,38,1.3,2,118.3,0.08,0.2,-,-,20,0.04,0.04,1.5,3,64,Tunggal,Buah,DABM-1964,Snack
674,ER050,"Kranji, segar",20.1,315,2.1,1.4,73.5,-,2.9,160,120,3.7,-,-,-,-,-,-,-,0.02,-,-,-,31,Tunggal,Buah,KZGPI-1990,Snack
675,ER051,"Langsat, segar",84.1,56,0.9,0.2,14.3,1.4,0.5,17,24,1.1,1,232,0.09,0.2,-,-,-,0.07,-,0.8,9,64,Tunggal,Buah,DABM-1964,Snack
676,ER052,"Lemon, segar",92.2,34,0.5,0.8,6.2,0.1,0.3,23,20,0.3,31,140,0.1,0.2,-,-,-,0.09,0.12,0.3,50,100,Tunggal,Buah,KZGMI-2001,Snack
677,ER053,"Lontar, segar",93,27,0.4,0.2,6,1.6,0.4,91,243,0.5,-,-,-,-,-,-,-,0.03,-,-,-,79,Tunggal,Buah,KZGPI-1990,Snack
678,ER054,"Mangga, segar",86.6,52,0.7,-,12.3,1.6,0.2,20,16,1,3,140,0.33,0,-,316,-,0.03,0.01,0.3,12,65,Tunggal,Buah,KZGMI-2001,Snack
679,ER055,"Mangga benggala, segar",84.4,63,2.4,0.4,12.4,5.8,0.4,9,13,0.2,3,79,0.1,0.1,-,10,-,0.18,0.01,0.4,43,65,Tunggal,Buah,KZGMI-2001,Snack
680,ER056,"Mangga gedung, segar",87.4,44,0.7,0.2,11.2,1.6,0.5,13,10,0.2,2,83.6,0.04,0.1,-,113,16400,0.08,0.01,0.3,30,65,Tunggal,Buah,DABM-1964,Snack
681,ER057,"Mangga golek, segar",82.2,63,0.5,0.2,16.7,2.3,0.4,14,10,0.7,3,118.1,0.05,0.1,-,160,3715,0.08,0.02,0.4,65,65,Tunggal,Buah,DABM-1964,Snack
682,ER058,"Mangga harumanis, segar",86.6,46,0.4,0.2,11.9,1.7,0.8,15,9,0.2,2,88.9,0.04,0.1,-,120,1200,0.08,0.01,0.3,6,65,Tunggal,Buah,DABM-1964,Snack
683,ER059,"Mangga indramayu, segar",80.2,72,0.8,0.2,18.7,2.5,0.1,13,10,1.9,3,131.4,0.06,0.1,-,178,2900,0.06,0.02,0.5,16,65,Tunggal,Buah,DABM-1964,Snack
684,ER060,"Mangga kopek, segar",84.5,56,0.4,0.2,14.6,2,0.3,16,10,1.7,2,102.9,0.04,0.1,-,139,6520,0.03,0.01,0.4,27,65,Tunggal,Buah,DABM-1964,Snack
685,ER061,"Mangga kwini, segar",78.6,86,0.7,0.5,19.8,6.5,0.4,11,11,0.2,1,16,0.1,0.1,-,932,-,0.15,0.02,0.5,18,65,Tunggal,Buah,KZGMI-2001,Snack
686,ER062,"Mangga manalagi, segar",66.5,133,1,0.1,32.1,11.8,0.3,20,23,1,70,161,-,-,-,4,-,0.07,-,0.6,61,65,Tunggal,Buah,KZGMI-2001,Snack
687,ER063,"Mangga muda, segar",83.7,59,0.5,0.4,15.1,-,0.3,12,11,0.4,2,108.2,0.05,0.1,-,146,85,0.06,0.02,0.4,2,73,Tunggal,Buah,DABM-1964,Snack
688,ER064,"Manggis, segar",83,63,0.6,0.6,15.6,1.5,0.2,8,12,0.8,10,61.9,0.1,0.1,-,-,-,0.03,0.03,0.3,5,29,Tunggal,Buah,DABM-1964,Snack
689,ER065,"Markisa, segar",64.7,144,3.5,1.2,29.8,11.4,0.8,27,203,1.4,37,453.8,0.11,0.1,-,969,691,0.02,0.17,2,10,48,Tunggal,Buah,KZGPI-1990,Snack
690,ER066,"Matoa, segar",76.5,90,1.2,0.1,21.1,0.5,1.1,20,40,0.6,10,190,0.3,0.6,-,2,-,0.18,0.09,0.5,54,40,Tunggal,Buah,KZGMI-2001,Snack
691,ER067,"Melon, segar",90.8,37,0.6,0.4,7.8,1,0.5,12,14,0.4,167,167,0.3,0.1,-,1000,-,0.02,0.1,-,0.2,58,Tunggal,Buah,BKP,Snack
693,ER069,"Nanas palembang, segar",85.5,58,0.7,0.2,13.3,1.6,0.3,29,15,0.6,7,117,0.03,0.1,-,17,-,0.26,0.03,0.2,11,53,Tunggal,Buah,KZGMI-2001,Snack
694,ER070,"Nanas, segar",88.9,40,0.6,0.3,9.9,0.6,0.3,22,14,0.9,18,111,0.03,0.1,-,17,90,0.02,0.04,0.2,22,53,Tunggal,Buah,KZGPI-1990,Snack
695,ER071,"Nangka masak pohon, segar",70,106,1.2,0.3,27.6,3.7,2.7,20,19,0.9,2,407,246.58,1.4,-,149,330,0.07,0.1,1,7,28,Tunggal,Buah,DABM-1964,Snack
697,ER073,"Pepaya, segar",86.7,46,0.5,12,12.2,1.6,0.6,23,12,1.7,4,221,0.02,0.3,-,1038,365,0.04,0.06,0.4,78,75,Tunggal,Buah,DABM-1964,Snack
698,ER074,"Pisang ambon, segar",72.9,108,1,0.8,24.3,1.9,1,20,30,0.2,10,-,0.2,0.2,-,37,-,0.05,0.11,0.1,9,75,Tunggal,Buah,KZGMI-2001,Snack
699,ER075,"Pisang angleng (pisang ampyang), segar",80.3,68,1.3,0.2,17.2,0.8,1,10,26,0.6,23,215.7,0.04,0,-,9,76,0.08,0.05,2.5,6,75,Tunggal,Buah,DABM-1964,Snack
700,ER076,"Pisang ayam, segar",71.2,120,1.1,0.2,26.8,4.1,0.7,20,61,0.4,6,392,0.1,0.3,-,24,-,0.1,0.02,1,26,75,Tunggal,Buah,KZGMI-2001,Snack
701,ER077,"Pisang gapi, segar",66.3,127,2.1,0.3,31.1,11.7,1,-,40,0.3,40,392,-,0.3,-,16,-,0.18,0.02,0.3,13,75,Tunggal,Buah,KZGMI-2001,Snack
702,ER078,"Pisang goroho, segar",69.4,115,1.9,0.2,27.9,4.6,1,-,30,0.2,36,359,-,0.3,-,15,-,0.15,0.02,1.1,10,75,Tunggal,Buah,KZGMI-2001,Snack
703,ER079,"Pisang hijau, segar",68.9,117,2,0.3,28.9,0.4,1.1,-,37,0.9,31,529.4,0.28,0.6,-,48,-,0.13,0.06,-,13,72,Tunggal,Buah,KZGPI-1990,Snack
704,ER080,"Pisang kayu, segar",74.4,100,1.4,0.5,23.6,2.6,0.6,15,-,0.1,1,493,0.08,0.3,-,3,-,0.1,-,0.6,11,75,Tunggal,Buah,KZGMI-2001,Snack
705,ER081,"Pisang kepok, segar",71.9,109,0.8,0.5,26.3,5.7,1,10,30,0.5,10,300,0.1,0.2,-,-,-,0.1,-,0.1,9,75,Tunggal,Buah,KZGMI-2001,Snack
706,ER082,"Pisang ketip, segar",63.4,145,1.1,0.3,34.5,6.6,0.7,5,54,0.1,4,726,0.15,0.5,-,3,-,0.13,0.02,0.8,95,75,Tunggal,Buah,KZGMI-2001,Snack
707,ER083,"Pisang kidang, segar",75.4,96,1,0.2,22.5,0.6,0.9,87,173,0.6,6,418.8,0.22,0.5,-,38,58,0.04,0.1,0.9,2,70,Tunggal,Buah,KZGPI-1990,Snack
708,ER084,"Pisang lampung, segar",72.1,99,1.3,0.2,25.6,4.3,0.8,10,19,0.9,28,475,0.25,0.5,-,43,618,0.07,0.12,1,4,75,Tunggal,Buah,DABM-1964,Snack
709,ER085,"Pisang mas bali ampenan, segar",76.8,92,1.4,0.2,21,3.7,0.5,7,29,1.2,32,272,0.18,0.4,-,14,-,0.09,0.03,0.6,11,75,Tunggal,Buah,KZGMI-2001,Snack
710,ER086,"Pisang mas bali kopang, segar",64.2,127,1.4,0.2,31.8,3.7,2.4,10,-,0.1,43,616,0.12,0.4,-,21,-,0.21,0.05,0.9,17,75,Tunggal,Buah,KZGMI-2001,Snack
711,ER087,"Pisang mas, segar",64.2,127,1.4,0.2,33.6,1.4,0.6,7,25,0.8,42,392,195.78,0.5,-,17,79,0.09,0.08,4.5,2,85,Tunggal,Buah,DABM-1964,Snack
712,ER088,"Pisang raja sereh, segar",69.3,108,1.3,0.3,28.2,0.7,1,16,38,0.1,31,522.6,0.27,0.6,-,48,480,0.02,0.08,1.1,2,86,Tunggal,Buah,KZGPI-1990,Snack
713,ER089,"Pisang raja, segar",65.8,120,1.2,0.2,31.8,5.3,1,10,22,0.8,35,582.2,0.31,0.7,-,53,950,0.06,0.14,1.2,10,70,Tunggal,Buah,DABM-1964,Snack
714,ER090,"Pisang rotan, segar",76.1,98,1.3,1.2,20.5,1,0.9,17,51,1.1,24,406.9,0.21,0.5,-,37,697,0.01,0.1,0.9,2,56,Tunggal,Buah,KZGPI-1990,Snack
715,ER091,"Pisang talas, segar",71,113,1.2,0.2,26.7,4.4,0.9,22,22,0.6,29,48,0.26,0.1,-,159,-,0.12,0.03,1,9,75,Tunggal,Buah,KZGMI-2001,Snack
716,ER092,Pisang tujuh bulan,75.9,94,0.6,0.2,22.5,3.7,0.8,50,20,0.2,-,4,0.1,0.4,-,72,-,0.03,0.03,0.3,6,75,Tunggal,Buah,KZGMI-2001,Snack
717,ER093,"Pisang ua, segar",67.8,128,0.8,0.5,30.2,8.1,0.7,12,28,0.7,33,382,0.2,0.3,-,5,-,0.09,0.01,1.2,4,75,Tunggal,Buah,KZGMI-2001,Snack
718,ER094,"Pisang uli, segar",61.8,134,1.1,0.5,35.5,1.4,1.1,31,53,0.9,39,650.3,0.34,0.7,-,59,113,0.11,0.16,1.4,3,77,Tunggal,Buah,KZGPI-1990,Snack
719,ER095,"Purut, segar",81.1,76,4.1,1.1,15.2,1.7,1.4,30,76,0.6,10,285.2,-,-,-,27,93,0.01,0.11,-,-,34,Tunggal,Buah,KZGPI-1990,Snack
720,ER096,"Rambutan binjai, segar",81,76,0.5,0.2,18,3.8,0.3,15,22,1.2,22,120,0.2,0.2,-,-,-,0.19,0.01,0.4,13,40,Tunggal,Buah,KZGMI-2001,Snack
721,ER097,"Rambutan, segar",80.5,69,0.9,0.1,18.1,0.8,0.4,16,16,0.5,16,104.2,0.17,0.1,-,-,-,-,0.07,0.5,58,40,Tunggal,Buah,DABM-1964,Snack
722,ER098,"Salak bali, segar",85.1,57,0.5,0.1,13.6,1.3,0.7,94,25,2.1,-,-,0.08,0.2,-,48,37,-,-,-,0.4,93,Tunggal,Buah,KZGPI-1990,Snack
723,ER099,"Salak medan, segar",78.1,55,0.4,0.2,12.8,3.2,8.5,6,46,0.5,39,113,0.2,0.3,-,4,-,0.04,0.03,-,58,93,Tunggal,Buah,KZGMI-2001,Snack
724,ER100,"Salak pondoh, segar",77.9,87,0.8,0.4,20.1,-,0.8,38,31,3.9,-,-,0.08,0.2,-,-,40,-,0.12,0.1,8,59,Tunggal,Buah,KZGPI-1990,Snack
725,ER101,"Salak, segar",78,77,0.4,-,20.9,-,0.7,28,18,4.2,-,-,0.08,0.2,-,48,-,0.04,-,-,2,93,Tunggal,Buah,DABM-1964,Snack
726,ER102,"Sawo duren, segar",87.3,64,1,3.1,8,0.8,0.6,18,45,0.8,13,111.4,0.02,0.1,-,-,-,0.01,0.02,0.1,1,64,Tunggal,Buah,KZGPI-1990,Snack
727,ER103,"Sawo kecik, segar",73.8,111,0.9,2.3,21.6,1,1.4,20,185,0.7,28,117.8,0.04,0.1,-,119,12,-,0.04,1.5,19,83,Tunggal,Buah,KZGPI-1990,Snack
728,ER104,"Sawo Manila, segar",75.5,92,0.5,1.1,22.4,9.5,0.5,25,12,1,26,110.2,0.04,0.1,-,111,60,0.01,0.04,1.4,21,79,Tunggal,Buah,DABM-1964,Snack
729,ER105,"Semangka, segar",92.1,28,0.5,0.2,6.9,0.4,0.3,7,12,0.2,7,93.8,0.04,0.1,-,315,590,0.05,0.05,0.3,6,46,Tunggal,Buah,DABM-1964,Snack
730,ER106,"Sirsak, segar",81.7,65,1,0.3,16.3,3.2,0.7,14,27,0.6,2,298.9,0.08,1,-,8,10,0.07,0.08,0.7,20,68,Tunggal,Buah,DABM-1964,Snack
732,ER108,"Srikaya, segar",83.4,63,1.1,0.5,13.9,2.1,1.1,127,30,2.7,-,-,-,-,-,-,31,0.08,-,-,28,48,Tunggal,Buah,KZGPI-1990,Snack
733,ER109,"Sukun muda, segar",69.4,119,1.4,0.2,28.1,1.4,1,24,44,1.4,24,414.4,0.09,0.1,-,28,4896,0.17,0.17,3.7,52,84,Tunggal,Buah,KZGPI-1990,Snack
734,ER110,"Sukun tua, segar",67.8,126,1.6,0.2,24.5,1.5,1,37,47,1.6,25,436,0.09,0.1,-,30,2000,0.18,0.17,3.9,58,88,Tunggal,Buah,KZGPI-1990,Snack
736,ER112,"Wani, segar",81.2,74,0.8,0.3,17.1,3.1,0.6,66,29,1.2,-,-,-,-,-,-,32,0.08,-,-,80,77,Tunggal,Buah,KZGPI-1990,Snack
737,ER113,"Mentimun Suri, segar",96.3,16,1.3,0,2.1,0.9,2.9,768,422,-,-,1008,-,-,-,-,-,-,-,-,25,-,Tunggal,Buah,PHKA2-2008,Snack
738,ER114,"Blewah, segar",90.2,34,0.8,0.2,8.2,0.9,0.7,9,15,0.2,16,267,0.04,0.2,-,2029,-,0.04,0.02,0.7,37,-,Tunggal,Buah,TGMF-2006,Snack
739,FP001,"Ayam, ampela, goreng",4.8,270,32.3,11.2,9.9,-,1.8,129,314,4.9,980,-,0.12,3.3,56,-,-,0.21,-,4.7,-,100,Olahan,Daging,KZGMS-1993,Utama
740,FP002,"Ayam, usus, goreng",4.6,473,45.2,26.3,13.9,-,10.1,1407,458,8.4,-,-,-,-,6,-,224,0.57,-,-,-,100,Olahan,Daging,KZGPI-1990,Utama
741,FP003,"Bebek, daging, goreng",48.8,300,24,20.7,4.5,-,2,170,170,4.1,34,6,0.4,3,-,-,-,0.1,0.4,10.6,-,100,Olahan,Daging,KZGMI-2001,Utama
745,FP007,Kerupuk urat,3.6,588,53.7,40.9,1.2,-,0.6,36,15,1.3,1024,37,0.1,0.2,2802,-,-,-,-,-,-,100,Olahan,Daging,KZGMI-2001,Snack
749,FP011,"Sapi, abon",7.1,212,18,10.6,59.3,7.5,4.7,150,209,12.3,-,-,-,-,-,240,138,0.17,-,-,-,100,Olahan,Daging,KZGPI-1990,Snack
750,FP012,"Sapi, abon, asli",24.8,358,14.6,16.1,38.6,2.5,5.8,165,136,14.6,-,-,-,-,3,194,144,0.13,-,-,-,100,Olahan,Daging,KZGPI-1990,Snack
751,FP013,"Sapi, daging, asap",60,182,32,6,-,-,2,15,300,5,1620,485.4,0.03,5.1,6,-,-,0.12,0.23,5.9,-,100,Olahan,Daging,DABM-1964,Utama
753,FP015,"Sapi, daging, kornet",53,289,16,25,-,-,6,10,170,4,794,94.4,0.07,4,-,52,-,0.01,0.16,2.7,-,100,Olahan,Daging,DABM-1964,Utama
754,FP016,"Sapi, daging, sosis (Worst)",37.6,448,14.5,42.3,2.3,-,3.3,28,61,1.1,765,284.5,0.06,1.7,-,-,-,0.1,0.18,4.9,-,100,Olahan,Daging,DABM-1964,Utama
755,FP017,"Sapi, hati, sosis (liverworst)",56.6,274,16,22,3,2.3,2.4,20,150,4,654,158.8,0.22,2.2,1201,-,-,0.2,0.96,4,-,100,Olahan,Daging,DABM-1964,Utama
757,FP019,"Sapi, paru, goreng",45.5,268,23.9,12.7,14.5,-,3.1,102,315,8.8,923,299,-,1.5,790,-,-,-,-,-,-,100,Olahan,Daging,KZGMS-1993,Utama
759,FP021,"Ayam goreng church texas, dada",42.2,338,35.2,20.6,0.4,-,1.5,79,221,5.6,800,369.5,0.16,1.1,16,-,80,0.52,0.16,12.1,-,100,Olahan,Daging,KZGPI-1990,Utama
760,FP022,"Ayam goreng church,texas paha",50.3,287,31,15.7,1.7,-,1.3,99,176,4.1,723,257,0.17,1.5,22,-,30,0.66,0.2,5.3,-,100,Olahan,Daging,KZGPI-1990,Utama
761,FP023,"Ayam goreng church texas, sayap",47.2,295,34,16,1.5,-,1.3,81,179,3,771,237.2,0.16,1.2,13,-,50,0.44,0.13,6.2,-,100,Olahan,Daging,KZGPI-1990,Utama
762,FP024,"Ayam goreng kalasan, paha",46.2,275,37.4,12.2,1.3,-,2.9,116,237,5.8,176,321.9,0.16,1.5,10,-,50,0.1,-,-,-,100,Olahan,Daging,KZGPI-1990,Utama
763,FP025,"Ayam goreng kentucky, dada",46.5,298,34.2,16.8,0.1,-,2.5,90,284,5.5,741,342,0.07,1,36,-,50,0.19,-,-,-,100,Olahan,Daging,KZGPI-1990,Utama
764,FP026,"Ayam goreng Kentucky, paha",48.7,286,32.1,16.1,1.1,-,2,89,248,6.9,746,265.2,0.09,2.3,31,-,20,0.5,0.21,5.5,-,100,Olahan,Daging,KZGPI-1990,Utama
765,FP027,"Ayam goreng Kentucky,sayap",44.7,297,35.9,15.2,1.6,-,2.6,103,227,4.4,807,248.4,0.06,1.4,22,-,70,0.73,0.14,6.5,-,100,Olahan,Daging,KZGPI-1990,Utama
766,FP028,Ayam goreng mbok berek dada,43.4,295,39.2,13.6,1,-,2.8,114,278,5.4,-,-,-,-,8,-,50,0.19,-,-,-,100,Olahan,Daging,KZGPI-1990,Utama
767,FP029,"Ayam goreng pasundan, dada",50.1,246,37.9,9,0.7,-,2.3,90,260,7.5,-,-,-,-,6,-,70,0.16,-,-,-,100,Olahan,Daging,KZGPI-1990,Utama
768,FP030,"Ayam goreng pasundan, paha",52.8,245,33.1,11.4,0.3,-,2.5,90,283,7.3,-,-,-,-,8,-,40,0.37,-,-,-,100,Olahan,Daging,KZGPI-1990,Utama
769,FP031,"Ayam goreng pioneer, dada",44.5,295,37.4,14.7,0.6,-,2.7,108,236,6.8,-,-,-,-,16,-,80,0.1,-,-,-,100,Olahan,Daging,KZGPI-1990,Utama
770,FP032,"Ayam goreng sukabumi, dada",49.8,244,36.7,9.2,1,-,3.4,81,154,6.1,-,-,-,-,20,-,80,0.66,-,-,-,100,Olahan,Daging,KZGPI-1990,Utama
771,FP033,"Ayam goreng sukabumi, paha",46,283,35.7,14.3,0.5,-,3.6,68,106,5.4,-,-,-,-,11,-,60,0.36,-,-,-,100,Olahan,Daging,KZGPI-1990,Utama
772,FP034,"Ayam taliwang, masakan",57.5,264,18.2,20.1,2.7,-,1.5,94,164,2,507,408,0.4,12.3,1067,-,-,-,-,-,-,100,Olahan,Daging,KZGMI-2001,Utama
774,FP036,Beef burger,45.5,258,10.6,9.5,32.5,0.4,2.2,210,157,2.6,572,189.1,-,-,218,-,7580,0.95,-,-,-,100,Olahan,Daging,KZGMS-1993,Utama
775,FP037,"Beef teriyaki, masakan",65.1,151,8.6,3.1,22.3,0.3,0.9,142,62,2.3,377,-,-,-,22,-,400,0.53,-,-,-,100,Olahan,Daging,KZGMS-1993,Utama
776,FP038,"Beef yakiniku, masakan",67.7,132,9.8,1.1,20.7,0.3,0.8,302,67,2,409,-,-,-,78,-,700,0.62,-,-,-,100,Olahan,Daging,KZGMS-1993,Utama
777,FP039,Brongkos,76.4,141,15.3,3.3,12.6,1,2.4,87,97,5.1,-,-,-,-,4,-,356,0.4,-,-,-,100,Olahan,Daging,KZGPI-1990,Utama
778,FP040,"Bulgogi, masakan",84.2,72,11.4,4.9,1.4,1.7,0.7,214,86,2.5,509,-,-,-,17,-,-,1.08,-,-,-,100,Olahan,Daging,KZGMS-1993,Utama
779,FP041,"Chicken teriyaki, masakan",68.2,168,13,9.6,7.5,0.8,1.7,137,106,3.1,959,-,-,-,68,-,2200,0.65,-,-,-,100,Olahan,Daging,KZGMS-1993,Utama
780,FP042,"Chikiniku, masakan",65.4,143,9.8,1.4,22.8,0.4,0.6,301,63,2,531,-,-,-,27,-,1280,0.73,-,-,-,100,Olahan,Daging,KZGMS-1993,Utama
782,FP044,"Coto mangkasara, sapi, masakan",85.9,84,6,6,1.4,-,0.7,8,104,4,90,25,0.3,0.6,-,-,-,0.16,0.14,10.3,-,100,Olahan,Daging,KZGMI-2001,Utama
784,FP046,"Empal (daging) Goreng, masakan",43.9,248,36.2,6.9,10.1,-,2,131,235,6.4,848,-,-,-,112,-,620,0.55,-,-,-,100,Olahan,Daging,KZGMS-1993,Utama
785,FP047,Gulai kambing,78.4,126,4.2,9.4,6.2,-,1.8,45,73,1.3,302,138,0.2,1.1,151,-,-,0.13,0.01,-,-,100,Olahan,Daging,KZGMI-2001,Utama
787,FP049,"Kalio ayam, masakan",64.7,203,16,13.5,4.4,-,1.4,278,177,4.2,534,-,-,-,105,-,3780,0.35,-,-,-,100,Olahan,Daging,KZGMS-1993,Utama
788,FP050,"Kalio jeroan, masakan",68.9,163,16.5,9,4.1,-,1.5,102,268,7.1,570,-,-,-,298,-,1960,0.7,-,-,-,100,Olahan,Daging,KZGMS-1993,Utama
789,FP051,"Kalio kikil (tunjang), masakan",75.3,122,13.8,5.7,3.9,-,1.3,154,59,3.4,519,-,-,-,36,-,1440,0.38,-,-,-,100,Olahan,Daging,KZGMS-1993,Utama
790,FP052,"Kalio otak, masakan",70.3,157,8.1,8.8,11.4,-,1.4,212,69,3.3,604,-,-,-,32,-,1040,0.45,-,-,-,100,Olahan,Daging,KZGMS-1993,Utama
793,FP055,"Lawara jangang, masakan",72.4,159,5,10.9,10.1,-,1.6,57,107,1.5,400,2368,0.1,1,14,-,-,0.25,0.16,-,-,100,Olahan,Daging,KZGMI-2001,Utama
794,FP056,"Naan maran sapi, masakan",14.8,478,38.3,33.9,5.1,-,7.9,30,390,11.8,220,320,0.6,3.9,33,-,-,-,-,0.2,-,100,Olahan,Daging,KZGMI-2001,Utama
795,FP057,"Nasu likku, masakan",59,196,14.5,8.3,15.9,-,2.3,69,157,1,386,470,0.3,2,-,-,-,0.2,0.24,1.5,-,100,Olahan,Daging,KZGMI-2001,Utama
798,FP060,"Pelolah manuk, masakan",60,219,19.7,13.6,4.4,-,2.3,33,160,1.6,577,-,-,-,137,-,1940,0.42,-,-,-,100,Olahan,Daging,KZGMI-2001,Utama
799,FP061,"Rawon, masakan",86,60,5.4,2.5,4,0.3,1.7,272,153,3.3,-,-,-,-,11,-,1235,0.09,-,-,-,100,Olahan,Daging,KZGPI-1990,Utama
800,FP062,"Rendang sapi, masakan",57.9,193,22.6,7.9,7.8,-,3.8,474,211,14.9,-,-,-,-,21,-,534,0.12,-,-,-,100,Olahan,Daging,KZGPI-1990,Utama
803,FP065,"Sate pusut, masakan",52.1,274,12.9,18.6,13.6,-,2.8,63,190,2.7,609,-,-,-,133,-,-,0.06,-,-,-,100,Olahan,Daging,KZGMI-2001,Utama
805,FP067,"Sie reuboh, masakan",32.4,474,11.2,42.5,11.7,-,2.2,26,62,1.3,677,176,2.4,3.2,141,9,-,0.46,0.26,-,-,100,Olahan,Daging,KZGMI-2001,Utama
806,FP068,"Sop buntut, masakan",86.1,71,7.5,3.6,2.2,-,0.6,286,38,3.2,490,-,-,-,119,-,2900,0.14,-,-,-,100,Olahan,Daging,KZGMS-1993,Utama
807,FP069,"Sop daging sapi, masakan",87.5,49,5.8,0.5,5.3,-,0.9,158,48,2.2,391,-,-,-,101,-,3320,0.37,-,-,-,100,Olahan,Daging,KZGMS-1993,Utama
808,FP070,"Sop kaki sapi, masakan",84.5,68,9,1.9,3.7,-,0.9,302,15,2.2,435,-,-,-,48,-,150,0.46,-,-,-,100,Olahan,Daging,KZGMS-1993,Utama
809,FP071,"Sop kambing, masakan",91.6,34,5.5,0.8,1.1,-,1,145,37,1.6,348,-,-,-,48,-,80,0.57,-,-,-,100,Olahan,Daging,KZGMS-1993,Utama
810,FP072,"Sop konro, masakan",85,71,7.4,2.6,4.5,-,0.5,17,60,4.6,184,25,0.3,1.3,-,-,-,0.12,0.02,10.9,-,100,Olahan,Daging,KZGMI-2001,Utama
811,FP073,"Sop saudara, masakan",82.4,89,7.2,5,3.9,-,1.5,10,174,9,274,50,0.2,1.1,-,-,-,0.09,0.12,2,-,100,Olahan,Daging,KZGMI-2001,Utama
812,FP074,"Soto bandung, masakan",89.9,42,3.9,1.7,2.8,0.4,1.8,74,75,1.8,-,-,-,-,6,20,0.1,-,-,-,-,100,Olahan,Daging,KZGPI-1990,Utama
813,FP075,"Soto banjar, masakan",83.7,110,2.9,9.5,3.2,-,0.7,28,28,0.3,36,6,-,0.2,12,-,770,0.05,-,-,-,100,Olahan,Daging,KZGMI-2001,Utama
814,FP076,"Soto betawi, masakan",75.9,135,2.5,8.8,11.5,0.5,1.3,222,72,1.9,-,-,-,-,6,-,336,0.04,-,-,-,100,Olahan,Daging,KZGPI-1990,Utama
815,FP077,"Soto jeroan, masakan",81.4,92,11.8,4.3,1.4,-,1.1,218,48,1.9,363,-,-,-,85,-,440,0.36,-,-,-,100,Olahan,Daging,KZGMS-1993,Utama
816,FP078,"Soto kudus, masakan",91.6,38,2.6,2.3,1.8,0.2,1.7,237,67,1.7,-,-,-,-,23,-,128,0.06,-,0.5,-,100,Olahan,Daging,KZGPI-1990,Utama
817,FP079,"Soto madura, masakan",89.8,60,3.5,4.5,1.3,-,0.9,361,126,3.8,-,-,-,-,26,-,121,0.06,-,-,-,100,Olahan,Daging,KZGPI-1990,Utama
818,FP080,"Soto padang, masakan",75,127,5.9,6.6,11,0.7,2,298,94,1.5,-,-,-,-,12,-,204,0.22,-,-,-,100,Olahan,Daging,KZGPI-1990,Utama
819,FP081,"Soto pekalongan, masakan",83.8,94,3,6.8,5.1,0.3,1.3,322,79,2,-,-,-,-,14,-,119,0.29,-,-,-,100,Olahan,Daging,KZGPI-1990,Utama
820,FP082,"Soto pemalang, masakan",86,75,3.6,5.2,3.5,-,1.7,170,80,2.1,-,-,-,-,16,-,30,0.13,-,-,-,100,Olahan,Daging,KZGPI-1990,Utama
821,FP083,"Soto sukaraja, masakan",75.9,80,3.2,3.5,9,0.3,1.1,347,77,2.3,-,-,-,-,12,-,89,0.04,-,-,-,100,Olahan,Daging,KZGPI-1990,Utama
822,FP084,"Soto sulung, masakan",88.1,86,2.3,8.5,-,-,1.1,200,120,2.9,-,-,-,-,20,-,105,0.08,-,-,-,100,Olahan,Daging,KZGPI-1990,Utama
823,FP085,"Sukiyaki, masakan",81,75,5.6,0.4,12.2,0.2,0.8,109,59,0.5,426,-,-,-,41,-,1200,0.37,-,-,-,100,Olahan,Daging,KZGMS-1993,Utama
824,FP086,"Tedong pallu basa, masakan",81.7,83,10.4,3.4,2.8,-,1.7,10,139,2.6,397,34,0.6,1.3,-,-,-,0.09,0.53,9,-,100,Olahan,Daging,KZGMI-2001,Utama
826,FP088,"Tinoransa, masakan",31.6,516,17.7,49.5,-,-,1.2,698,648,3.5,1307,320,0.1,1.8,710,-,-,0.29,0.17,-,-,100,Olahan,Daging,KZGMI-2001,Utama
862,GP002,"Belut, goreng",11.2,417,25.9,19.4,32,-,11.5,840,872,4.9,71,217.7,0.3,1.8,-,-,-,-,0.2,10.5,-,-,Olahan,Ikan dsb,KZGPI-1990,Utama
863,GP003,"Cumi-cumi, goreng",54.2,265,40.6,10.1,-,-,3.1,62,270,2.7,86,81.9,-,-,-,56,-,0.09,-,6.3,-,-,Olahan,Ikan dsb,KZGPI-1990,Utama
865,GP005,"Ikan bandeng presto, masakan",45.3,296,17.1,20.3,11.3,-,6,1422,659,1.9,-,-,-,-,6,-,400,0.14,-,-,69,100,Olahan,Ikan dsb,KZGPI-1990,Utama
867,GP007,Ikan Belida bakar,68.2,128,18,3,7.2,-,3.6,58,134,-,293,198,0.1,0.4,-,-,-,1.8,0.17,1.5,-,-,Olahan,Ikan dsb,KZGMI-2001,Utama
873,GP013,"Ikan gete, goreng",44.7,267,23.1,19.4,0.2,-,12.6,2340,1240,0.8,590,440,0.1,1.9,-,-,-,-,-,0.2,-,-,Olahan,Ikan dsb,KZGMI-2001,Utama
877,GP017,Ikan Lais bakar,69.4,147,17.5,6.5,5.4,-,1.2,54,194,0.1,142,209,-,0.5,-,-,-,-,-,-,-,-,Olahan,Ikan dsb,KZGMI-2001,Utama
879,GP019,Ikan Mas pepes,57.5,209,15.2,11.3,11.8,0.5,4.3,686,530,6.1,74,276.7,0.1,1.9,3,-,315,0.13,0.1,2.4,-,100,Olahan,Ikan dsb,KZGPI-1990,Utama
880,GP020,Ikan mujahir goreng,44.7,416,46.9,23.9,-,-,2.2,346,654,0.9,54,278.9,-,0.2,12,3,8,0.12,0.1,2.2,-,100,Olahan,Ikan dsb,KZGPI-1990,Utama
881,GP021,Ikan Mujahir pepes,73.7,121,21.7,2.8,0.8,-,1,83,248,1.6,58,265.8,-,0.3,8,-,6,-,0.1,1.9,-,100,Olahan,Ikan dsb,KZGPI-1990,Utama
883,GP023,"Ikan Papuyu, bakar",66.6,152,17.6,6.1,6.7,-,3,244,227,3.4,320,224,0.2,1,-,-,-,-,-,-,9,-,Olahan,Ikan dsb,KZGMI-2001,Utama
884,GP024,"Ikan Patin, bakar",70.3,144,17.5,6.3,4.3,-,1.6,191,232,1.4,379,230,0.1,0.7,-,-,-,-,-,-,-,-,Olahan,Ikan dsb,KZGMI-2001,Utama
893,GP033,"Ikan sanggang, masakan",42.6,240,21.7,7.7,20.7,-,7.3,159,362,9.8,2041,159,1.5,8.8,-,-,-,0.51,0.02,-,-,-,Olahan,Ikan dsb,KZGMI-2001,Utama
908,GP048,Rusip,58.5,110,11.5,2,11.7,-,16.3,479,348,7.1,-,-,-,-,-,-,-,0.04,-,-,-,100,Olahan,Ikan dsb,KZGPI-1990,Utama
909,GP049,Sardines dalam kaleng,47.1,338,21.1,27,1,-,3.8,354,434,3.5,-,-,-,-,76,-,-,0.1,-,-,-,-,Olahan,Ikan dsb,DABM-60/64,Utama
913,GP053,Abon haruwan,11.6,513,23.7,37,21.3,-,6.4,25,25,0.5,61,15,-,0.2,-,-,-,-,-,-,-,100,Olahan,Ikan dsb,KZGMI-2001,Utama
918,GP058,Cakalang asar (asap papua),64.3,155,20.1,3.8,10.2,-,1.6,20,240,2.1,90,390,0.3,0.1,86,-,-,-,0.7,0.2,-,-,Olahan,Ikan dsb,KZGMI-2001,Utama
919,GP059,"Dendeng belut, goreng",8.2,382,55.7,14.1,8,-,14,1069,654,15.4,-,-,-,-,28,-,1480,0.48,-,-,-,-,Olahan,Ikan dsb,KZGPI-1990,Utama
920,GP060,"Dendeng mujahir, goreng",6.5,598,74.3,26.9,9.2,-,13.1,1957,1447,7.4,-,-,-,-,18,-,25,0.19,-,-,-,-,Olahan,Ikan dsb,KZGPI-1990,Utama
921,GP061,Fillet o-fish,51,270,12.3,15.9,19.3,0.2,1.5,239,272,1.8,439,-,-,-,34,-,580,0.59,-,-,-,-,Olahan,Ikan dsb,KZGMS-1993,Utama
922,GP062,"Gete kuah asam, masakan",80.1,75,8.2,2,6,-,3.8,1620,880,0.8,260,150,0.1,1.5,-,-,-,-,-,0.1,-,-,Olahan,Ikan dsb,KZGMI-2001,Utama
923,GP063,"Gulai asam keueung, masakan",86,52,10,0.5,1.8,-,1.7,62,102,0.3,332,141,-,1,-,-,-,0.18,0.34,-,-,-,Olahan,Ikan dsb,KZGMI-2001,Utama
924,GP064,"Gulai ikan paya, masakan",72.1,148,10,9.8,5,-,3.1,103,82,0.7,525,256,0.1,0.9,-,-,-,0.26,0.02,-,-,-,Olahan,Ikan dsb,KZGMI-2001,Utama
925,GP065,"Gulai ikan, masakan",75.7,106,16.5,3.3,2.5,-,2,306,196,4.8,743,-,-,-,86,-,2760,0.32,-,-,-,-,Olahan,Ikan dsb,KZGMS-1993,Utama
926,GP066,"Gulai keumamah, masakan",81.4,110,5.9,8.2,3.2,-,1.3,32,96,1,335,121,0.2,0.9,-,-,-,0.33,0.04,-,-,100,Olahan,Ikan dsb,KGZMI-2001,Utama
927,GP067,"Gulai tiram, masakan",73.1,132,9,7.2,7.8,-,2.9,53,134,3.7,285,133,1.1,0.7,389,-,-,0.29,0.12,-,-,-,Olahan,Ikan dsb,KZGMI-2001,Utama
928,GP068,"Gurame asem manis, masakan",63.1,192,12.7,10.1,12.7,-,2.4,283,169,1.1,-,-,-,-,19,-,1440,0.1,-,-,-,-,Olahan,Ikan dsb,KZGPI-1990,Utama
929,GP069,"Ikan asar merah, masakan",69.2,146,17.7,5.9,5.6,-,1.6,100,240,4,170,310,0.3,1.4,224,-,-,-,-,-,-,-,Olahan,Ikan dsb,KZGMI-2001,Utama
930,GP070,Jambal goreng,13.4,286,48.5,9.2,2.3,-,26.6,207,457,3.3,-,-,-,-,109,-,160,0.4,-,3.1,-,-,Olahan,Ikan dsb,KZGMS-1993,Utama
931,GP071,"Jukku pallu kaloa, masakan",69.4,15,15.2,4.3,8.8,-,2.3,40,170,1.1,605,153,0.6,1.1,-,-,-,0.3,0.14,7.5,-,-,Olahan,Ikan dsb,KZGMI-2001,Utama
932,GP072,"Kaholeo, masakan",11.2,413,28.7,19.8,29.8,-,10.5,909,1291,-,-,1171,0.1,3.1,4236,-,-,1.34,0.03,5.7,-,-,Olahan,Ikan dsb,KZGMI-2001,Utama
934,GP074,"Model, masakan",83.9,79,2.2,4,8.6,-,1.3,8,33,0.8,147,34,0.1,0.5,-,-,-,0.16,0.02,-,-,-,Olahan,Ikan dsb,KZGMI-2001,Utama
935,GP075,"Mujahir acar kuning, masakan",43.1,330,17.8,23.4,12.1,1.1,4.6,154,357,5.3,-,-,-,-,24,-,4130,0.15,-,-,-,-,Olahan,Ikan dsb,KZGPI-1990,Utama
936,GP076,"Parede baleh, masakan",80,87,10.5,2.5,5.5,-,1.5,35,215,0.9,416,59,0.1,0.2,-,-,-,0.24,-,0.7,-,-,Olahan,Ikan dsb,KZGMI-2001,Utama
937,GP077,Pempek adaan,62.6,162,4.9,3,27.8,-,1.7,26,116,1,488,119,0.1,0.2,-,-,-,0.3,0.03,1,-,-,Olahan,Ikan dsb,KZGMI-2001,Utama
938,GP078,Pempek belida,61.4,156,4.2,1.4,31.6,0.2,1.4,100,55,3.3,-,-,-,-,-,-,-,0.03,-,-,-,-,Olahan,Ikan dsb,KZGPI-1990,Utama
939,GP079,Pempek kapal selam,63.4,152,4.5,2.3,28.2,-,1.6,19,115,1.6,628,91,0.1,0.2,-,-,-,0.2,0.03,1,-,-,Olahan,Ikan dsb,KZGMI-2001,Utama
940,GP080,Pempek kelesan,53,211,12.3,6.1,26.6,0.4,2,840,176,1.8,-,-,-,-,14,-,888,0.25,-,-,-,-,Olahan,Ikan dsb,KZGPI-1990,Utama
941,GP081,Pempek kulit,45.7,243,5.2,7.3,39.1,-,2.7,16,96,2,555,102,0.1,0.6,-,-,-,0.2,0.02,0.9,-,-,Olahan,Ikan dsb,KZGMI-2001,Utama
942,GP082,Pempek telur,62.4,156,4.7,2.7,28.3,-,1.9,13,83,1.3,448,48,0.1,0.6,-,-,-,0.2,0.05,1.1,-,-,Olahan,Ikan dsb,KZGMI-2001,Utama
943,GP083,Pempek tenggiri,56.3,173,7.2,1.2,33.4,0.2,1.9,164,80,3.1,-,-,-,-,-,-,-,0.02,-,-,-,-,Olahan,Ikan dsb,KZGPI-1990,Utama
944,GP084,"Pencok lele, masakan",47.5,372,7.8,36.3,3.5,-,4.9,289,295,5.3,-,-,-,-,64,-,12070,0.12,-,-,-,-,Olahan,Ikan dsb,KZGPI-1990,Utama
946,GP086,"Pindang kenari, masakan",80.1,124,9.5,9.6,-,-,2.8,120,220,1.3,370,270,0.3,1.2,18,381,-,-,-,0.1,-,-,Olahan,Ikan dsb,KZGMI-2001,Utama
950,GP090,Sate Bandeng,47.1,283,12.1,16.8,20.9,2,3.1,118,186,1.2,543,199,0.2,0.9,-,2,-,0.02,0.02,-,0.3,82,Olahan,Ikan dsb,BKP,Utama
951,GP091,"Sepi, masakan",66.1,88,7.9,1.6,10.6,-,13.8,924,350,2.3,873,258,1,1.1,783,-,-,-,-,-,-,-,Olahan,Ikan dsb,KZGMI-2001,Utama
952,GP092,Tekwan,86.7,53,1.9,0.9,9.4,-,1.1,9,41,1,174,42,-,-,99,-,-,0.1,0.02,0.4,-,-,Olahan,Ikan dsb,KZGMI-2001,Utama
953,GP093,"Teri balado, masakan",25.8,365,23.7,22.3,17.5,-,10.9,869,348,4,-,-,-,-,27,-,1567,0.13,-,-,-,-,Olahan,Ikan dsb,KZGPI-1990,Utama
954,GP094,Tumis bandeng,70.5,189,11.3,15.7,0.6,-,1.9,56,129,0.4,314,280,0.1,0.7,579,-,-,0.46,0.02,-,-,-,Olahan,Ikan dsb,KZGMI-2001,Utama
955,GP095,Tumis keumamah,45.7,300,14.5,20,15.5,4.5,4.3,-,-,-,-,-,-,-,-,8,-,0.63,0.04,-,7,100,Olahan,Ikan dsb,KGZMI-2001,Utama
1040,HP001,"Telur ayam, dadar, masakan",61.9,251,16.3,19.4,1.4,-,1,62,250,2.5,-,-,-,-,36,-,221,0.21,-,-,-,100,Olahan,Telur,KZGPI-1990,Utama
1042,HP003,"Telur bebek, dadar, masakan",55.1,301,20,23.7,-,-,1.2,71,600,9.2,-,-,-,-,122,-,613,0.35,-,-,-,100,Olahan,Telur,KZGPI-1990,Utama
1045,HP006,"Cucuru bayau, masakan",35,349,6.8,18.7,38.3,-,1.2,-,-,-,-,-,-,-,-,123,-,0.06,0.25,-,-,100,Olahan,Telur,KGZMI-2001,Utama
1046,HP007,"Kalio telur, masakan",79,193,10.6,12.4,9.7,-,1.4,148,246,3.8,540,-,-,-,160,-,3600,0.44,-,-,-,100,Olahan,Telur,KZGMS-1993,Utama
1058,JP001,Es krim,62.1,210,4,12.5,20.6,-,0.8,123,99,0.1,78,193.4,-,0.7,158,0.2,-,0.04,0.23,0.1,1,100,Olahan,Susu,DABM-1964,Snack
1059,JP002,Hangop,84,65,10,1,3.5,-,1.5,180,190,0.2,126,374.4,-,-,-,22,-,0.03,0.43,0.2,-,100,Olahan,Susu,DABM-1964,Snack
1060,JP003,Keju,38.5,326,22.8,20.3,13.1,-,5.3,777,338,1.5,1410,82.7,0.03,3.1,227,128,-,0.01,0.37,0.1,1,100,Olahan,Susu,DABM-1964,Snack
1061,JP004,Kwark (Quark),59,242,19,17,3,-,2,300,350,0.5,37,72.7,0.01,0.2,173,-,-,0.03,0.38,0,-,100,Olahan,Susu,DABM-1964,Snack
1062,JP005,"Susu asam untuk bayi, bubuk",2.5,418,19,9,65.5,-,4,800,600,7,188,486.5,-,-,303,83,-,1,1.31,0.7,30,100,Olahan,Susu,DABM-1964,Semua
1063,JP006,Susu bubuk,3.5,513,24.6,30,36.2,-,5.7,904,694,0.6,380,1330,0.02,4.1,476,118,-,0.29,1.39,1.6,6,100,Olahan,Susu,DABM-1964,Semua
1064,JP007,Susu kental manis,25,343,8.2,10,55,-,1.8,275,209,0.2,150,320,0.02,1,155,46,-,0.05,0.43,0.4,1,100,Olahan,Susu,DABM-1964,Semua
1065,JP008,Susu kental tak manis,73.7,138,7,7.9,9.9,-,1.5,243,195,0.2,140,303,-,-,121,-,-,0.05,-,-,1,100,Olahan,Susu,DABM-1964,Semua
1066,JP009,"Susu skim, bubuk",3.5,359,35.6,1,52,-,7.9,1300,1030,0.6,470,1745,0.04,4.1,-,10,-,0.35,1.05,1.2,7,100,Olahan,Susu,DABM-1964,Semua
1067,JP010,"Susu skim, segar",90.5,36,3.5,0.1,5.1,-,0.8,123,97,0.1,38,-,-,-,-,-,-,0.04,-,-,1,100,Olahan,Susu,DABM-1964,Semua
1068,JP011,"Yoghurt, segar",88,52,3.3,2.5,4,-,2.2,120,90,0.1,40,299,0.01,0.6,22,10,-,0.04,0.1,0.2,-,100,Olahan,Susu,DABM-1964,Snack
1069,JR001,"Kepala susu - krim, segar",72.5,204,2.6,20,4,-,0.9,97,77,0.1,-,-,-,-,252,191,-,0.03,0.2,0.1,1,100,Tunggal,Susu,DABM-1964,Snack
1070,JR002,Susu ibu - ASI,88.1,62,1.5,3.2,7,-,0.2,34,20,0.2,15,41,0.01,0.4,-,7,-,0.01,0.03,0.2,-,100,Tunggal,Susu,FCTEA-1972,Semua
1071,JR003,"Susu kambing, segar",85.9,64,4.3,2.3,6.6,-,0.9,98,78,2.7,35,160,0.33,0.1,38,-,-,0.06,0.45,0.3,1,100,Tunggal,Susu,DABM-1964,Semua
1072,JR004,"Susu kerbau, segar",73.8,160,6.3,12,7.1,-,0.8,216,101,0.2,82,-,-,0.3,24,-,-,0.04,0.07,-,1,100,Tunggal,Susu,DABM-1964,Semua
1074,JR006,"Susu sapi, segar",88.3,61,3.2,3.5,4.3,-,0.7,143,60,1.7,36,149,0.02,0.3,39,12,-,0.03,0.18,0.2,1,100,Tunggal,Susu,DABM-1964,Semua
1077,KP003,Santan (dengan air),80,122,2,10,7.6,1.4,0.4,25,30,0.1,9,162.5,0.16,0.4,-,-,-,0.02,-,0.5,2,100,Olahan,Lemak,DABM-1964,Semua
1078,KP004,Santan murni,54.9,324,4.2,34.3,5.6,-,1,14,45,1.9,18,514.1,0.37,0.9,-,-,-,0.02,-,0.5,2,100,Olahan,Lemak,DABM-1964,Semua
1079,KR001,"Kelapa setengah tua, daging, segar",70,180,4,15,10,2.4,1,8,55,1.3,4,317.8,0.29,2.9,-,-,10,0.05,0.01,0.1,4,53,Tunggal,Lemak,DABM-1964,Snack
1080,KR002,"Kelapa tua, daging, segar",46.9,359,3.4,34.7,14,4.7,1,21,98,2,3,293.9,0.44,1.1,-,-,-,0.1,-,-,2,53,Tunggal,Lemak,DABM-1964,Snack
1083,KR005,Lemak ikan,43.3,372,12,29.4,14.4,-,0.3,20,230,32.7,60,52,0.4,1.1,-,-,-,0.49,0.13,-,-,100,Tunggal,Lemak,KZGMI-2001,Semua
1093,MP001,"Coklat manis, batang",1.4,527,2,29.8,62.7,6.5,4.1,63,287,2.8,6,499.5,-,0,-,-,30,0.03,0.02,-,-,100,Olahan,Gula,DABM-1964,Snack
1094,MP002,"Coklat pahit,batang",2.3,615,5.5,42.6,29.2,10.8,10.1,98,446,4.4,20,708.3,1.7,3.3,-,2,60,0.05,0.08,1,-,100,Olahan,Gula,DABM-1964,Snack
1095,MP003,"Coklat susu, batang",1,565,9,35,53.6,3.4,1.4,200,200,2,100,405.5,0.49,2.3,-,54,30,0.08,0.45,0.5,-,100,Olahan,Gula,DABM-1964,Snack
1100,MP008,"Jam, selai",34,239,0.5,0.6,64.5,1,0.4,20,20,1,30,73.1,0.09,-,-,-,-,0.01,0.07,0,-,100,Olahan,Gula,DABM-1964,Semua
1102,MP010,Madu,20,294,0.3,-,79.5,0.2,0.2,5,16,0.9,6,26.9,0.04,0.2,-,-,-,-,0.04,0.1,4,100,Olahan,Gula,DABM-1964,Semua
1103,MP011,Markisa squash,46.7,217,2.5,1,49.6,-,0.2,6,83,0.6,14,65,-,0.1,-,23,75,0.07,0.02,-,14,-,Olahan,Gula,KZGMI-2001,Snack
1104,MP012,"Markisa squash, BD",74.4,104,1.2,0.5,23.7,-,0.2,1,88,0.5,40,40,-,0.1,-,7,40,0.2,0.02,-,12,-,Olahan,Gula,KZGMI-2001,Snack
1148,QR001,"Kelapa muda, air, segar",95.5,17,0.2,0.1,3.8,-,0.4,15,8,0.2,1,149,0.04,0.1,-,-,-,-,-,-,1,100,Tunggal,Minuman,DABM-1964,Semua
3,AP003,Tapai beras,75.5,99,1.7,0.3,22.4,-,0.1,4,19,-,26,2,0.1,0.5,-,-,-,-,-,-,-,100,Olahan,Serealia,KZGMI-2001,Snack
26,AP026,Amparan tatak,58.4,191,1.3,5.5,34,-,0.8,-,-,-,-,-,-,-,-,-,-,-,-,-,-,100,Olahan,Serealia,KZGMI-2001,Snack
27,AP027,"Apang kukus, kue",49.5,202,3,0.3,46.7,-,0.5,-,-,-,-,-,-,-,-,-,-,-,-,-,-,100,Olahan,Serealia,KZGMI-2001,Snack
28,AP028,"Apem, kue",63.1,148,2,0.5,33.9,-,0.5,-,-,-,-,-,-,-,-,-,-,-,-,-,-,100,Olahan,Serealia,KZGMI-2001,Snack
33,AP033,Baruasa,5.3,417,6.5,8.2,79.3,-,0.7,-,-,-,-,-,-,-,-,-,-,-,-,-,-,100,Olahan,Serealia,KZGMI-2001,Snack
36,AP036,Bingka,44.4,273,5.3,10.6,39.1,-,0.6,-,-,-,-,-,-,-,-,-,-,-,-,-,-,100,Olahan,Serealia,KZGMI-2001,Snack
37,AP037,Bobengka,46.3,225,5.3,2.6,45.2,-,0.6,-,-,-,-,-,-,-,-,-,-,-,-,-,-,100,Olahan,Serealia,KZGMI-2001,Snack
38,AP038,Bolu peca,55.6,197,3.3,4.6,35.6,-,0.9,-,-,-,-,-,-,-,-,-,-,-,-,-,-,100,Olahan,Serealia,KZGMI-2001,Snack
42,AP042,Cangkuning,57.5,204,2.8,7.5,31.4,-,0.8,-,-,-,-,-,-,-,-,-,-,-,-,-,-,100,Olahan,Serealia,KZGMI-2001,Snack
48,AP048,Gemblong,36.2,274,1.7,5.4,55.5,2.2,1.2,69,55,3.3,-,-,-,-,-,-,-,-,-,-,-,100,Olahan,Serealia,KZGPI-1990,Snack
54,AP054,Kakicak,43.9,296,3.4,15.1,36.7,-,0.9,-,-,-,-,-,-,-,-,-,-,-,-,-,-,100,Olahan,Serealia,KZGMI-2001,Snack
59,AP059,Kereput,3.5,580,4.8,39.6,51.1,-,1,-,-,-,-,-,-,-,-,-,-,-,-,-,-,100,Olahan,Serealia,KZGMI-2001,Snack
61,AP061,Ketupat kandangan,78.5,109,2.2,5.2,13.4,-,0.7,-,-,-,-,-,-,-,-,-,-,-,-,-,-,100,Olahan,Serealia,KZGMI-2001,Utama
62,AP062,Koya,13.2,366,4.2,4.3,77.5,0.8,0.8,153,222,7,-,-,-,-,-,-,-,-,-,-,-,100,Olahan,Serealia,KZGMI-2001,Snack
64,AP064,Koyabu,44.2,241,3.4,4.3,47.2,-,0.9,-,-,-,-,-,-,-,-,-,-,-,-,-,-,100,Olahan,Serealia,KZGMI-2001,Snack
66,AP066,Kue bangen,5.6,442,3.3,14.7,74.2,-,2.2,-,-,-,-,-,-,-,-,-,-,-,-,-,-,100,Olahan,Serealia,KZGMI-2001,Snack
67,AP067,Kue gelang,7.1,448,5.8,16.1,70,-,1,-,-,-,-,-,-,-,-,-,-,-,-,-,-,100,Olahan,Serealia,KZGMI-2001,Snack
70,AP070,Kue koa,14.5,340,4.8,0.4,79.3,-,1,-,-,-,-,-,-,-,-,-,-,-,-,-,-,100,Olahan,Serealia,KZGMI-2001,Snack
71,AP071,Kue ku temu,46.2,214,3.5,0.2,49.6,-,0.5,-,-,-,-,-,-,-,-,-,-,-,-,-,-,100,Olahan,Serealia,KZGMI-2001,Snack
73,AP073,Kue pelita,71,141,5.3,5.5,17.6,-,0.6,-,-,-,-,-,-,-,-,-,-,-,-,-,-,100,Olahan,Serealia,KZGMI-2001,Snack
77,AP077,Laksa/Putu mayang,73.2,121,1.7,3.4,21.1,-,0.6,-,-,-,-,-,-,-,-,-,-,-,-,-,-,100,Olahan,Serealia,KZGMI-2001,Snack
80,AP080,Manan samin,27.1,379,3.4,18.1,50.6,-,0.8,-,-,-,-,-,-,-,-,-,-,-,-,-,-,100,Olahan,Serealia,KZGMI-2001,Snack
94,AP094,Onde-onde,27.7,336,4,9.8,57.9,-,0.6,-,-,-,-,-,-,-,-,-,-,-,-,-,-,100,Olahan,Serealia,KZGMI-2001,Snack
95,AP095,Padamaran,67.6,171,3.9,8.9,18.8,-,0.8,-,-,-,-,-,-,-,-,-,-,-,-,-,-,100,Olahan,Serealia,KZGMI-2001,Snack
98,AP098,Pundut nasi,77.8,104,1.9,4.1,15.1,0.4,1.1,26,100,1.5,74,174,-,-,-,-,-,-,-,-,-,100,Olahan,Serealia,KZGMI-2001,Utama
99,AP100,Putri selat,66.6,163,2.2,6.5,23.8,-,0.9,72,3,4,6,68,-,-,-,-,-,-,-,-,-,100,Olahan,Serealia,KZGMI-2001,Snack
100,AP101,Putu sopa,50.7,215,3.3,4.1,41.1,-,0.8,-,-,-,-,-,-,-,-,-,-,-,-,-,-,100,Olahan,Serealia,KZGMI-2001,Snack
104,AP105,Sarimuka,61.5,166,2.3,2.8,32.9,-,0.5,36,13,2,3,34,-,-,-,-,-,-,-,-,-,100,Olahan,Serealia,KZGMI-2001,Snack
106,AP107,Srikaya ketan,41,265,2.7,6.4,49.1,-,0.8,-,-,-,-,-,-,-,-,-,-,-,-,-,-,100,Olahan,Serealia,KZGMI-2001,Snack
107,AP108,Sunduk lawang,63.4,181,1.9,1.3,32.4,-,1,-,-,-,-,-,-,-,-,-,-,-,-,-,-,100,Olahan,Serealia,KZGMI-2001,Snack
114,AP99,Putri hijau,54.8,189,5.4,2.1,37.2,-,0.5,-,-,-,-,-,-,-,-,-,-,-,-,-,-,100,Olahan,Serealia,KGZMI-2001,Snack
282,CP038,Kembang tahu rebus,79.8,90,10.7,4,4.7,-,0.8,85,-,-,-,-,-,-,-,-,-,-,-,-,-,100,Olahan,Kacang,KZGPI-1990,Utama
291,CP047,Melinjo emping tebal goreng manis,5.6,439,10,16.4,65.7,-,2.3,66,225,-,-,-,-,-,-,-,-,0.1,-,-,-,100,Olahan,Kacang,KZGPI-1990,Snack
292,CP048,"Melinjo emping tebal, goreng asin",8,431,11.1,16.2,63,-,1.6,77,-,-,-,-,-,-,-,-,-,0.08,-,-,-,100,Olahan,Kacang,KZGPI-1990,Snack
293,CP049,Melinjo emping tipis goreng,3.3,485,11.5,24.5,59.1,-,1.5,85,218,-,-,-,-,-,-,-,-,0.11,-,-,-,100,Olahan,Kacang,KZGPI-1990,Snack
611,EP002,Dodol nanas,16.1,338,1.5,1.2,80.3,-,0.9,-,-,-,-,-,-,-,-,-,1240,0.55,-,-,-,100,Olahan,Buah,KZGMI-2001,Snack
612,EP003,Getuk pisang,63.7,144,1.1,0.4,34.1,0.4,0.7,48,32,1,-,-,-,-,-,-,1464,0.34,-,-,-,100,Olahan,Buah,KZGPI-1990,Snack
616,EP007,Loka anjoro,63.3,163,1.1,4.3,30,-,1.3,-,-,-,-,-,-,-,-,-,-,-,-,-,3,100,Olahan,Buah,KZGMI-2001,Snack
618,EP009,Rujak aceh,78.7,82,0.4,0.3,19.7,2.4,0.9,-,-,-,-,-,-,-,-,-,272,0.1,-,-,-,100,Olahan,Buah,KZGMI-2001,Snack
619,EP010,Sale kesemek,25,296,1.1,0.6,71.4,-,1.8,-,-,-,-,-,-,-,-,-,-,-,-,-,-,100,Olahan,Buah,KZGMI-2001,Snack
620,EP011,Sale pisang siam,28.9,281,2.4,0.7,66.1,1,2,41,64,1.2,-,-,-,-,-,-,-,-,-,-,-,100,Olahan,Buah,KZGPI-1990,Snack
622,EP013,Sanggara belanda,47.1,242,6.4,7.1,38.2,-,1.2,-,-,-,-,-,-,-,-,-,-,-,-,-,-,100,Olahan,Buah,KZGMI-2001,Snack
692,ER068,"Menteng, segar",79,65,1.7,0.3,16.1,-,2.9,13,20,0.8,-,-,-,-,-,-,-,-,-,-,-,64,Tunggal,Buah,DABM-1964,Snack
866,GP006,Ikan baung bakar,69.8,144,17.8,5.8,5.2,-,1.4,18,169,-,168,236,0.1,0.7,-,-,-,-,-,1.3,-,-,Olahan,Ikan dsb,KZGMI-2001,Utama
914,GP054,Abon ikan,6.4,435,27.2,20.2,36.1,-,10.1,-,-,-,-,-,-,-,-,-,-,-,0.8,24.3,-,100,Olahan,Ikan dsb,KZGMI-2001,Utama
1073,JR005,"Susu kuda, segar",91,40,2,1.1,5.4,-,0.4,-,-,-,-,37.4,-,-,-,1,-,-,0.2,0.2,-,100,Tunggal,Susu,FCTEA-1972,Semua
